alpha,epsilon,method,metric,metric_value,SIGMA,MU0,SIGMA0,N_EPOCH,NUM_LAYERS,HIDDEN_SIZE,BATCH_SIZE,NUM_BATCH,LEARNING_RATE,WDECAY,PATIENCE,COOLDOWN,FACTOR,RTOL,ACCUMULATION_SIZE,LEARNING_RATE_MIN,true_theta_1,index_marginal,xobs_1
1.0,inf,ABC,C2ST,0.9908499717712402,1.0,0,20.0,1000,2,128,256,390,0.001,0.001,7,0,0.5,0.0001,200,1e-06,40.0,0,40.07902
1.0,inf,ABC,C2ST,0.9909499883651733,1.0,0,20.0,1000,2,128,256,390,0.001,0.001,7,0,0.5,0.0001,200,1e-06,40.0,0,40.07902
1.0,inf,ABC,C2ST,0.9903500080108643,1.0,0,20.0,1000,2,128,256,390,0.001,0.001,7,0,0.5,0.0001,200,1e-06,40.0,0,40.07902
1.0,inf,ABC,RS_stat,116.25468521005314,1.0,0,20.0,1000,2,128,256,390,0.001,0.001,7,0,0.5,0.0001,200,1e-06,40.0,0,40.07902
1.0,inf,ABC,RS_stat,116.25505997261484,1.0,0,20.0,1000,2,128,256,390,0.001,0.001,7,0,0.5,0.0001,200,1e-06,40.0,0,40.07902
1.0,inf,ABC,RS_stat,116.25918358550778,1.0,0,20.0,1000,2,128,256,390,0.001,0.001,7,0,0.5,0.0001,200,1e-06,40.0,0,40.07902
1.0,inf,ABC,RS_pvalue,0.0,1.0,0,20.0,1000,2,128,256,390,0.001,0.001,7,0,0.5,0.0001,200,1e-06,40.0,0,40.07902
1.0,inf,ABC,RS_pvalue,0.0,1.0,0,20.0,1000,2,128,256,390,0.001,0.001,7,0,0.5,0.0001,200,1e-06,40.0,0,40.07902
1.0,inf,ABC,RS_pvalue,0.0,1.0,0,20.0,1000,2,128,256,390,0.001,0.001,7,0,0.5,0.0001,200,1e-06,40.0,0,40.07902
1.0,inf,NRE,C2ST,0.5135499835014343,1.0,0,20.0,1000,2,128,256,390,0.001,0.001,7,0,0.5,0.0001,200,1e-06,40.0,0,40.07902
1.0,inf,NRE,C2ST,0.508899986743927,1.0,0,20.0,1000,2,128,256,390,0.001,0.001,7,0,0.5,0.0001,200,1e-06,40.0,0,40.07902
1.0,inf,NRE,C2ST,0.5037999749183655,1.0,0,20.0,1000,2,128,256,390,0.001,0.001,7,0,0.5,0.0001,200,1e-06,40.0,0,40.07902
1.0,inf,NRE,RS_stat,-0.07062314745217886,1.0,0,20.0,1000,2,128,256,390,0.001,0.001,7,0,0.5,0.0001,200,1e-06,40.0,0,40.07902
1.0,inf,NRE,RS_stat,-0.1022415953455787,1.0,0,20.0,1000,2,128,256,390,0.001,0.001,7,0,0.5,0.0001,200,1e-06,40.0,0,40.07902
1.0,inf,NRE,RS_stat,0.8289466180501137,1.0,0,20.0,1000,2,128,256,390,0.001,0.001,7,0,0.5,0.0001,200,1e-06,40.0,0,40.07902
1.0,inf,NRE,RS_pvalue,0.9436976874055112,1.0,0,20.0,1000,2,128,256,390,0.001,0.001,7,0,0.5,0.0001,200,1e-06,40.0,0,40.07902
1.0,inf,NRE,RS_pvalue,0.9185649124141791,1.0,0,20.0,1000,2,128,256,390,0.001,0.001,7,0,0.5,0.0001,200,1e-06,40.0,0,40.07902
1.0,inf,NRE,RS_pvalue,0.40713461450702026,1.0,0,20.0,1000,2,128,256,390,0.001,0.001,7,0,0.5,0.0001,200,1e-06,40.0,0,40.07902
1.0,inf,CORRECTED_NRE,C2ST,0.5092499852180481,1.0,0,20.0,1000,2,128,256,390,0.001,0.001,7,0,0.5,0.0001,200,1e-06,40.0,0,40.07902
1.0,inf,CORRECTED_NRE,C2ST,0.5131499767303467,1.0,0,20.0,1000,2,128,256,390,0.001,0.001,7,0,0.5,0.0001,200,1e-06,40.0,0,40.07902
1.0,inf,CORRECTED_NRE,C2ST,0.503849983215332,1.0,0,20.0,1000,2,128,256,390,0.001,0.001,7,0,0.5,0.0001,200,1e-06,40.0,0,40.07902
1.0,inf,CORRECTED_NRE,RS_stat,1.433183889505615,1.0,0,20.0,1000,2,128,256,390,0.001,0.001,7,0,0.5,0.0001,200,1e-06,40.0,0,40.07902
1.0,inf,CORRECTED_NRE,RS_stat,2.022428209064653,1.0,0,20.0,1000,2,128,256,390,0.001,0.001,7,0,0.5,0.0001,200,1e-06,40.0,0,40.07902
1.0,inf,CORRECTED_NRE,RS_stat,1.9763556835465133,1.0,0,20.0,1000,2,128,256,390,0.001,0.001,7,0,0.5,0.0001,200,1e-06,40.0,0,40.07902
1.0,inf,CORRECTED_NRE,RS_pvalue,0.15180529245396074,1.0,0,20.0,1000,2,128,256,390,0.001,0.001,7,0,0.5,0.0001,200,1e-06,40.0,0,40.07902
1.0,inf,CORRECTED_NRE,RS_pvalue,0.04313213327105196,1.0,0,20.0,1000,2,128,256,390,0.001,0.001,7,0,0.5,0.0001,200,1e-06,40.0,0,40.07902
1.0,inf,CORRECTED_NRE,RS_pvalue,0.04811450704651435,1.0,0,20.0,1000,2,128,256,390,0.001,0.001,7,0,0.5,0.0001,200,1e-06,40.0,0,40.07902
1.0,inf,ALL,TIME_SIMULATION,2.2065978050231934,1.0,0,20.0,1000,2,128,256,390,0.001,0.001,7,0,0.5,0.0001,200,1e-06,40.0,0,40.07902
1.0,inf,ALL,TIME_TRAINING,47.72243595123291,1.0,0,20.0,1000,2,128,256,390,0.001,0.001,7,0,0.5,0.0001,200,1e-06,40.0,0,40.07902
1.0,inf,ALL,TIME_EVAL,24.325095891952515,1.0,0,20.0,1000,2,128,256,390,0.001,0.001,7,0,0.5,0.0001,200,1e-06,40.0,0,40.07902
1.0,inf,ALL,NN_TRAIN_ACCURACY,"[0.70079625, 0.9405048, 0.95634264, 0.9566682, 0.95601714, 0.95629257, 0.9567558, 0.9563176, 0.9571565, 0.9579953, 0.9583208, 0.9586839, 0.95771986, 0.9575821, 0.9581831, 0.95813304, 0.958734, 0.9585962, 0.9588466, 0.95864636, 0.95872146, 0.9585211, 0.95888424, 0.95920974, 0.9589844, 0.95870894, 0.95903444, 0.9592598, 0.9591221, 0.95920974, 0.9591096, 0.9591221, 0.9590595, 0.9590845, 0.9592348, 0.95913464, 0.95928484, 0.95920974, 0.95929736, 0.95929736, 0.95920974, 0.95922226, 0.9593224, 0.9591722, 0.9592473, 0.9592598, 0.95922226, 0.95929736, 0.9591972, 0.9592473, 0.9594226, 0.9591972, 0.9591847, 0.9592723, 0.95929736, 0.95938504, 0.9593099, 0.9592348, 0.95936, 0.9592723, 0.9593349, 0.9592473, 0.9593224, 0.9593349]",1.0,0,20.0,1000,2,128,256,390,0.001,0.001,7,0,0.5,0.0001,200,1e-06,40.0,0,40.07902
1.0,inf,ALL,NN_TEST_ACCURACY,"[0.6975661, 0.95813304, 0.9595853, 0.9546274, 0.9579828, 0.95838344, 0.9558293, 0.95938504, 0.9592348, 0.9589343, 0.9578325, 0.9599359, 0.95888424, 0.9585837, 0.9579828, 0.959986, 0.9597356, 0.9591847, 0.9598357, 0.96008617, 0.95988584, 0.9598357, 0.96008617, 0.96008617, 0.9575821, 0.96003604, 0.96008617, 0.96028644, 0.95953524, 0.9599359, 0.95953524, 0.9596855, 0.95953524, 0.96013623, 0.95953524, 0.96028644, 0.95978564, 0.96028644, 0.9594351, 0.9595853, 0.9598357, 0.9595853, 0.9596855, 0.9599359, 0.959986, 0.9599359, 0.95978564, 0.95978564, 0.9597356, 0.95938504, 0.9598357, 0.95963544, 0.959986, 0.95963544, 0.95978564, 0.96003604, 0.95988584, 0.95963544, 0.9599359, 0.9599359, 0.95988584, 0.95988584, 0.9596855, 0.95988584]",1.0,0,20.0,1000,2,128,256,390,0.001,0.001,7,0,0.5,0.0001,200,1e-06,40.0,0,40.07902
0.9,4357.333984375,ABC,C2ST,0.9896500110626221,1.0,0,20.0,1000,2,128,256,390,0.001,0.001,7,0,0.5,0.0001,200,1e-06,40.0,0,40.07902
0.9,4357.333984375,ABC,C2ST,0.9898499846458435,1.0,0,20.0,1000,2,128,256,390,0.001,0.001,7,0,0.5,0.0001,200,1e-06,40.0,0,40.07902
0.9,4357.333984375,ABC,C2ST,0.9897000193595886,1.0,0,20.0,1000,2,128,256,390,0.001,0.001,7,0,0.5,0.0001,200,1e-06,40.0,0,40.07902
0.9,4357.333984375,ABC,RS_stat,116.0646965125571,1.0,0,20.0,1000,2,128,256,390,0.001,0.001,7,0,0.5,0.0001,200,1e-06,40.0,0,40.07902
0.9,4357.333984375,ABC,RS_stat,116.0561761754926,1.0,0,20.0,1000,2,128,256,390,0.001,0.001,7,0,0.5,0.0001,200,1e-06,40.0,0,40.07902
0.9,4357.333984375,ABC,RS_stat,116.05454608082063,1.0,0,20.0,1000,2,128,256,390,0.001,0.001,7,0,0.5,0.0001,200,1e-06,40.0,0,40.07902
0.9,4357.333984375,ABC,RS_pvalue,0.0,1.0,0,20.0,1000,2,128,256,390,0.001,0.001,7,0,0.5,0.0001,200,1e-06,40.0,0,40.07902
0.9,4357.333984375,ABC,RS_pvalue,0.0,1.0,0,20.0,1000,2,128,256,390,0.001,0.001,7,0,0.5,0.0001,200,1e-06,40.0,0,40.07902
0.9,4357.333984375,ABC,RS_pvalue,0.0,1.0,0,20.0,1000,2,128,256,390,0.001,0.001,7,0,0.5,0.0001,200,1e-06,40.0,0,40.07902
0.9,4357.333984375,NRE,C2ST,0.5238500237464905,1.0,0,20.0,1000,2,128,256,390,0.001,0.001,7,0,0.5,0.0001,200,1e-06,40.0,0,40.07902
0.9,4357.333984375,NRE,C2ST,0.5221999883651733,1.0,0,20.0,1000,2,128,256,390,0.001,0.001,7,0,0.5,0.0001,200,1e-06,40.0,0,40.07902
0.9,4357.333984375,NRE,C2ST,0.5259000062942505,1.0,0,20.0,1000,2,128,256,390,0.001,0.001,7,0,0.5,0.0001,200,1e-06,40.0,0,40.07902
0.9,4357.333984375,NRE,RS_stat,-7.303037230682476,1.0,0,20.0,1000,2,128,256,390,0.001,0.001,7,0,0.5,0.0001,200,1e-06,40.0,0,40.07902
0.9,4357.333984375,NRE,RS_stat,-6.933242109997472,1.0,0,20.0,1000,2,128,256,390,0.001,0.001,7,0,0.5,0.0001,200,1e-06,40.0,0,40.07902
0.9,4357.333984375,NRE,RS_stat,-7.601364151080096,1.0,0,20.0,1000,2,128,256,390,0.001,0.001,7,0,0.5,0.0001,200,1e-06,40.0,0,40.07902
0.9,4357.333984375,NRE,RS_pvalue,2.813432908554417e-13,1.0,0,20.0,1000,2,128,256,390,0.001,0.001,7,0,0.5,0.0001,200,1e-06,40.0,0,40.07902
0.9,4357.333984375,NRE,RS_pvalue,4.113033778269824e-12,1.0,0,20.0,1000,2,128,256,390,0.001,0.001,7,0,0.5,0.0001,200,1e-06,40.0,0,40.07902
0.9,4357.333984375,NRE,RS_pvalue,2.9302527205423726e-14,1.0,0,20.0,1000,2,128,256,390,0.001,0.001,7,0,0.5,0.0001,200,1e-06,40.0,0,40.07902
0.9,4357.333984375,CORRECTED_NRE,C2ST,0.5187000036239624,1.0,0,20.0,1000,2,128,256,390,0.001,0.001,7,0,0.5,0.0001,200,1e-06,40.0,0,40.07902
0.9,4357.333984375,CORRECTED_NRE,C2ST,0.5238500237464905,1.0,0,20.0,1000,2,128,256,390,0.001,0.001,7,0,0.5,0.0001,200,1e-06,40.0,0,40.07902
0.9,4357.333984375,CORRECTED_NRE,C2ST,0.5202500224113464,1.0,0,20.0,1000,2,128,256,390,0.001,0.001,7,0,0.5,0.0001,200,1e-06,40.0,0,40.07902
0.9,4357.333984375,CORRECTED_NRE,RS_stat,-5.918479395914419,1.0,0,20.0,1000,2,128,256,390,0.001,0.001,7,0,0.5,0.0001,200,1e-06,40.0,0,40.07902
0.9,4357.333984375,CORRECTED_NRE,RS_stat,-7.153824169556382,1.0,0,20.0,1000,2,128,256,390,0.001,0.001,7,0,0.5,0.0001,200,1e-06,40.0,0,40.07902
0.9,4357.333984375,CORRECTED_NRE,RS_stat,-5.79271226446533,1.0,0,20.0,1000,2,128,256,390,0.001,0.001,7,0,0.5,0.0001,200,1e-06,40.0,0,40.07902
0.9,4357.333984375,CORRECTED_NRE,RS_pvalue,3.2493170139996923e-09,1.0,0,20.0,1000,2,128,256,390,0.001,0.001,7,0,0.5,0.0001,200,1e-06,40.0,0,40.07902
0.9,4357.333984375,CORRECTED_NRE,RS_pvalue,8.439315285284156e-13,1.0,0,20.0,1000,2,128,256,390,0.001,0.001,7,0,0.5,0.0001,200,1e-06,40.0,0,40.07902
0.9,4357.333984375,CORRECTED_NRE,RS_pvalue,6.9258707310208955e-09,1.0,0,20.0,1000,2,128,256,390,0.001,0.001,7,0,0.5,0.0001,200,1e-06,40.0,0,40.07902
0.9,4357.333984375,ALL,TIME_SIMULATION,0.08424520492553711,1.0,0,20.0,1000,2,128,256,390,0.001,0.001,7,0,0.5,0.0001,200,1e-06,40.0,0,40.07902
0.9,4357.333984375,ALL,TIME_TRAINING,48.31631398200989,1.0,0,20.0,1000,2,128,256,390,0.001,0.001,7,0,0.5,0.0001,200,1e-06,40.0,0,40.07902
0.9,4357.333984375,ALL,TIME_EVAL,23.15254282951355,1.0,0,20.0,1000,2,128,256,390,0.001,0.001,7,0,0.5,0.0001,200,1e-06,40.0,0,40.07902
0.9,4357.333984375,ALL,NN_TRAIN_ACCURACY,"[0.56534207, 0.9347206, 0.95079625, 0.9507837, 0.95104665, 0.95040816, 0.9508839, 0.9511969, 0.95227367, 0.9519231, 0.9517102, 0.95209837, 0.95214844, 0.9525616, 0.95258665, 0.95267427, 0.95223606, 0.9527995, 0.9525616, 0.95298725, 0.9533879, 0.95316255, 0.9535006, 0.95297474, 0.9531125, 0.9533629, 0.9533879, 0.95326275, 0.95332533, 0.95347553, 0.953438, 0.95307493, 0.95332533, 0.95341295, 0.9536258, 0.95352566, 0.95348805, 0.9533629, 0.9533879, 0.95347553, 0.9535632, 0.95357573, 0.9532878, 0.9537009, 0.95348805, 0.95367587, 0.9535382, 0.9535507, 0.9535632, 0.95351315, 0.95341295, 0.9535507, 0.9535006, 0.95342547, 0.953438, 0.95352566, 0.95340043, 0.95347553, 0.95347553, 0.95351315, 0.95351315]",1.0,0,20.0,1000,2,128,256,390,0.001,0.001,7,0,0.5,0.0001,200,1e-06,40.0,0,40.07902
0.9,4357.333984375,ALL,NN_TEST_ACCURACY,"[0.564353, 0.95057094, 0.9503706, 0.9483173, 0.93684894, 0.94971955, 0.9516727, 0.9490184, 0.95002, 0.9524239, 0.95157254, 0.9503706, 0.95147234, 0.95197314, 0.95197314, 0.95232373, 0.95232373, 0.95222354, 0.9523738, 0.9521234, 0.95172274, 0.9507712, 0.9523738, 0.95197314, 0.9521735, 0.95227367, 0.9521234, 0.95172274, 0.95197314, 0.95247394, 0.95282453, 0.95227367, 0.95257413, 0.95257413, 0.9526242, 0.9524239, 0.9528746, 0.95292467, 0.95277447, 0.95302486, 0.9528746, 0.95277447, 0.95247394, 0.9523738, 0.95277447, 0.95302486, 0.95302486, 0.95317507, 0.95297474, 0.953125, 0.95292467, 0.95297474, 0.95292467, 0.95297474, 0.95317507, 0.95292467, 0.95292467, 0.95297474, 0.95302486, 0.95307493, 0.953125]",1.0,0,20.0,1000,2,128,256,390,0.001,0.001,7,0,0.5,0.0001,200,1e-06,40.0,0,40.07902
0.5,1605.5767822265625,ABC,C2ST,0.9816499948501587,1.0,0,20.0,1000,2,128,256,390,0.001,0.001,7,0,0.5,0.0001,200,1e-06,40.0,0,40.07902
0.5,1605.5767822265625,ABC,C2ST,0.9818000197410583,1.0,0,20.0,1000,2,128,256,390,0.001,0.001,7,0,0.5,0.0001,200,1e-06,40.0,0,40.07902
0.5,1605.5767822265625,ABC,C2ST,0.9822999835014343,1.0,0,20.0,1000,2,128,256,390,0.001,0.001,7,0,0.5,0.0001,200,1e-06,40.0,0,40.07902
0.5,1605.5767822265625,ABC,RS_stat,111.07274161815945,1.0,0,20.0,1000,2,128,256,390,0.001,0.001,7,0,0.5,0.0001,200,1e-06,40.0,0,40.07902
0.5,1605.5767822265625,ABC,RS_stat,111.06657885603374,1.0,0,20.0,1000,2,128,256,390,0.001,0.001,7,0,0.5,0.0001,200,1e-06,40.0,0,40.07902
0.5,1605.5767822265625,ABC,RS_stat,111.07776539602902,1.0,0,20.0,1000,2,128,256,390,0.001,0.001,7,0,0.5,0.0001,200,1e-06,40.0,0,40.07902
0.5,1605.5767822265625,ABC,RS_pvalue,0.0,1.0,0,20.0,1000,2,128,256,390,0.001,0.001,7,0,0.5,0.0001,200,1e-06,40.0,0,40.07902
0.5,1605.5767822265625,ABC,RS_pvalue,0.0,1.0,0,20.0,1000,2,128,256,390,0.001,0.001,7,0,0.5,0.0001,200,1e-06,40.0,0,40.07902
0.5,1605.5767822265625,ABC,RS_pvalue,0.0,1.0,0,20.0,1000,2,128,256,390,0.001,0.001,7,0,0.5,0.0001,200,1e-06,40.0,0,40.07902
0.5,1605.5767822265625,NRE,C2ST,0.5256999731063843,1.0,0,20.0,1000,2,128,256,390,0.001,0.001,7,0,0.5,0.0001,200,1e-06,40.0,0,40.07902
0.5,1605.5767822265625,NRE,C2ST,0.5191500186920166,1.0,0,20.0,1000,2,128,256,390,0.001,0.001,7,0,0.5,0.0001,200,1e-06,40.0,0,40.07902
0.5,1605.5767822265625,NRE,C2ST,0.5212000012397766,1.0,0,20.0,1000,2,128,256,390,0.001,0.001,7,0,0.5,0.0001,200,1e-06,40.0,0,40.07902
0.5,1605.5767822265625,NRE,RS_stat,5.141673762510608,1.0,0,20.0,1000,2,128,256,390,0.001,0.001,7,0,0.5,0.0001,200,1e-06,40.0,0,40.07902
0.5,1605.5767822265625,NRE,RS_stat,2.291557941648869,1.0,0,20.0,1000,2,128,256,390,0.001,0.001,7,0,0.5,0.0001,200,1e-06,40.0,0,40.07902
0.5,1605.5767822265625,NRE,RS_stat,4.0202678300533945,1.0,0,20.0,1000,2,128,256,390,0.001,0.001,7,0,0.5,0.0001,200,1e-06,40.0,0,40.07902
0.5,1605.5767822265625,NRE,RS_pvalue,2.7230164765406753e-07,1.0,0,20.0,1000,2,128,256,390,0.001,0.001,7,0,0.5,0.0001,200,1e-06,40.0,0,40.07902
0.5,1605.5767822265625,NRE,RS_pvalue,0.021931164777844674,1.0,0,20.0,1000,2,128,256,390,0.001,0.001,7,0,0.5,0.0001,200,1e-06,40.0,0,40.07902
0.5,1605.5767822265625,NRE,RS_pvalue,5.813201434853977e-05,1.0,0,20.0,1000,2,128,256,390,0.001,0.001,7,0,0.5,0.0001,200,1e-06,40.0,0,40.07902
0.5,1605.5767822265625,CORRECTED_NRE,C2ST,0.5228999853134155,1.0,0,20.0,1000,2,128,256,390,0.001,0.001,7,0,0.5,0.0001,200,1e-06,40.0,0,40.07902
0.5,1605.5767822265625,CORRECTED_NRE,C2ST,0.5220999717712402,1.0,0,20.0,1000,2,128,256,390,0.001,0.001,7,0,0.5,0.0001,200,1e-06,40.0,0,40.07902
0.5,1605.5767822265625,CORRECTED_NRE,C2ST,0.5239999890327454,1.0,0,20.0,1000,2,128,256,390,0.001,0.001,7,0,0.5,0.0001,200,1e-06,40.0,0,40.07902
0.5,1605.5767822265625,CORRECTED_NRE,RS_stat,4.768028140211287,1.0,0,20.0,1000,2,128,256,390,0.001,0.001,7,0,0.5,0.0001,200,1e-06,40.0,0,40.07902
0.5,1605.5767822265625,CORRECTED_NRE,RS_stat,3.3727405838646556,1.0,0,20.0,1000,2,128,256,390,0.001,0.001,7,0,0.5,0.0001,200,1e-06,40.0,0,40.07902
0.5,1605.5767822265625,CORRECTED_NRE,RS_stat,4.4358660391206755,1.0,0,20.0,1000,2,128,256,390,0.001,0.001,7,0,0.5,0.0001,200,1e-06,40.0,0,40.07902
0.5,1605.5767822265625,CORRECTED_NRE,RS_pvalue,1.8603780323202887e-06,1.0,0,20.0,1000,2,128,256,390,0.001,0.001,7,0,0.5,0.0001,200,1e-06,40.0,0,40.07902
0.5,1605.5767822265625,CORRECTED_NRE,RS_pvalue,0.0007442403599185063,1.0,0,20.0,1000,2,128,256,390,0.001,0.001,7,0,0.5,0.0001,200,1e-06,40.0,0,40.07902
0.5,1605.5767822265625,CORRECTED_NRE,RS_pvalue,9.170286427476276e-06,1.0,0,20.0,1000,2,128,256,390,0.001,0.001,7,0,0.5,0.0001,200,1e-06,40.0,0,40.07902
0.5,1605.5767822265625,ALL,TIME_SIMULATION,0.17097115516662598,1.0,0,20.0,1000,2,128,256,390,0.001,0.001,7,0,0.5,0.0001,200,1e-06,40.0,0,40.07902
0.5,1605.5767822265625,ALL,TIME_TRAINING,48.26013398170471,1.0,0,20.0,1000,2,128,256,390,0.001,0.001,7,0,0.5,0.0001,200,1e-06,40.0,0,40.07902
0.5,1605.5767822265625,ALL,TIME_EVAL,26.833705186843872,1.0,0,20.0,1000,2,128,256,390,0.001,0.001,7,0,0.5,0.0001,200,1e-06,40.0,0,40.07902
0.5,1605.5767822265625,ALL,NN_TRAIN_ACCURACY,"[0.36002603, 0.91358674, 0.9236904, 0.9220002, 0.9239032, 0.92684543, 0.9267328, 0.92684543, 0.92689556, 0.92620695, 0.9270082, 0.9275591, 0.9279472, 0.9272336, 0.92722106, 0.9272336, 0.92778444, 0.9279472, 0.9276718, 0.92760915, 0.9278721, 0.9280724, 0.92811, 0.9277594, 0.92795974, 0.9281726, 0.9283729, 0.9283353, 0.9284981, 0.9283604, 0.9285857, 0.9285231, 0.9287735, 0.9283604, 0.92854816, 0.9286233, 0.9286859, 0.9285857, 0.9286233, 0.9285983, 0.92854816, 0.92871094, 0.9285732, 0.92866087, 0.92878604, 0.9288487, 0.9288236, 0.928761, 0.92871094, 0.9287485, 0.92871094, 0.928761, 0.9289488, 0.9287735, 0.9288111, 0.9289488, 0.9288236, 0.9288487, 0.92883617, 0.9287735, 0.928736, 0.9288487, 0.9287735, 0.92879856, 0.9288236]",1.0,0,20.0,1000,2,128,256,390,0.001,0.001,7,0,0.5,0.0001,200,1e-06,40.0,0,40.07902
0.5,1605.5767822265625,ALL,NN_TEST_ACCURACY,"[0.36222956, 0.92207533, 0.9232272, 0.9191707, 0.9278345, 0.92327726, 0.92788464, 0.92352766, 0.9246294, 0.9280849, 0.92703325, 0.9277344, 0.92603165, 0.9274339, 0.92828524, 0.92803484, 0.9265825, 0.92738384, 0.9279848, 0.92788464, 0.9278345, 0.92503005, 0.9249299, 0.9280849, 0.9273337, 0.9266827, 0.92803484, 0.9284355, 0.9279347, 0.92813504, 0.9278345, 0.9279347, 0.9281851, 0.9280849, 0.92803484, 0.9279347, 0.9280849, 0.9272336, 0.9279848, 0.92813504, 0.92838544, 0.9284355, 0.9279347, 0.92813504, 0.9281851, 0.9285857, 0.9284355, 0.92803484, 0.9280849, 0.9275841, 0.9283353, 0.9284355, 0.9282352, 0.92828524, 0.92813504, 0.92803484, 0.9280849, 0.92803484, 0.9282352, 0.9284355, 0.92838544, 0.9281851, 0.9282352, 0.9282352, 0.9281851]",1.0,0,20.0,1000,2,128,256,390,0.001,0.001,7,0,0.5,0.0001,200,1e-06,40.0,0,40.07902
0.1,223.90223693847656,ABC,C2ST,0.9298499822616577,1.0,0,20.0,1000,2,128,256,390,0.001,0.001,7,0,0.5,0.0001,200,1e-06,40.0,0,40.07902
0.1,223.90223693847656,ABC,C2ST,0.9304999709129333,1.0,0,20.0,1000,2,128,256,390,0.001,0.001,7,0,0.5,0.0001,200,1e-06,40.0,0,40.07902
0.1,223.90223693847656,ABC,C2ST,0.9301000237464905,1.0,0,20.0,1000,2,128,256,390,0.001,0.001,7,0,0.5,0.0001,200,1e-06,40.0,0,40.07902
0.1,223.90223693847656,ABC,RS_stat,73.10554281830173,1.0,0,20.0,1000,2,128,256,390,0.001,0.001,7,0,0.5,0.0001,200,1e-06,40.0,0,40.07902
0.1,223.90223693847656,ABC,RS_stat,73.05546180303051,1.0,0,20.0,1000,2,128,256,390,0.001,0.001,7,0,0.5,0.0001,200,1e-06,40.0,0,40.07902
0.1,223.90223693847656,ABC,RS_stat,73.19769766705204,1.0,0,20.0,1000,2,128,256,390,0.001,0.001,7,0,0.5,0.0001,200,1e-06,40.0,0,40.07902
0.1,223.90223693847656,ABC,RS_pvalue,0.0,1.0,0,20.0,1000,2,128,256,390,0.001,0.001,7,0,0.5,0.0001,200,1e-06,40.0,0,40.07902
0.1,223.90223693847656,ABC,RS_pvalue,0.0,1.0,0,20.0,1000,2,128,256,390,0.001,0.001,7,0,0.5,0.0001,200,1e-06,40.0,0,40.07902
0.1,223.90223693847656,ABC,RS_pvalue,0.0,1.0,0,20.0,1000,2,128,256,390,0.001,0.001,7,0,0.5,0.0001,200,1e-06,40.0,0,40.07902
0.1,223.90223693847656,NRE,C2ST,0.4962500035762787,1.0,0,20.0,1000,2,128,256,390,0.001,0.001,7,0,0.5,0.0001,200,1e-06,40.0,0,40.07902
0.1,223.90223693847656,NRE,C2ST,0.5080000162124634,1.0,0,20.0,1000,2,128,256,390,0.001,0.001,7,0,0.5,0.0001,200,1e-06,40.0,0,40.07902
0.1,223.90223693847656,NRE,C2ST,0.5012000203132629,1.0,0,20.0,1000,2,128,256,390,0.001,0.001,7,0,0.5,0.0001,200,1e-06,40.0,0,40.07902
0.1,223.90223693847656,NRE,RS_stat,-1.9564944924907257,1.0,0,20.0,1000,2,128,256,390,0.001,0.001,7,0,0.5,0.0001,200,1e-06,40.0,0,40.07902
0.1,223.90223693847656,NRE,RS_stat,-2.38902682554693,1.0,0,20.0,1000,2,128,256,390,0.001,0.001,7,0,0.5,0.0001,200,1e-06,40.0,0,40.07902
0.1,223.90223693847656,NRE,RS_stat,-1.6992408140267514,1.0,0,20.0,1000,2,128,256,390,0.001,0.001,7,0,0.5,0.0001,200,1e-06,40.0,0,40.07902
0.1,223.90223693847656,NRE,RS_pvalue,0.050406930607172246,1.0,0,20.0,1000,2,128,256,390,0.001,0.001,7,0,0.5,0.0001,200,1e-06,40.0,0,40.07902
0.1,223.90223693847656,NRE,RS_pvalue,0.01689306884366731,1.0,0,20.0,1000,2,128,256,390,0.001,0.001,7,0,0.5,0.0001,200,1e-06,40.0,0,40.07902
0.1,223.90223693847656,NRE,RS_pvalue,0.08927381917464373,1.0,0,20.0,1000,2,128,256,390,0.001,0.001,7,0,0.5,0.0001,200,1e-06,40.0,0,40.07902
0.1,223.90223693847656,CORRECTED_NRE,C2ST,0.5030999779701233,1.0,0,20.0,1000,2,128,256,390,0.001,0.001,7,0,0.5,0.0001,200,1e-06,40.0,0,40.07902
0.1,223.90223693847656,CORRECTED_NRE,C2ST,0.510200023651123,1.0,0,20.0,1000,2,128,256,390,0.001,0.001,7,0,0.5,0.0001,200,1e-06,40.0,0,40.07902
0.1,223.90223693847656,CORRECTED_NRE,C2ST,0.5020999908447266,1.0,0,20.0,1000,2,128,256,390,0.001,0.001,7,0,0.5,0.0001,200,1e-06,40.0,0,40.07902
0.1,223.90223693847656,CORRECTED_NRE,RS_stat,-3.2511889188775522,1.0,0,20.0,1000,2,128,256,390,0.001,0.001,7,0,0.5,0.0001,200,1e-06,40.0,0,40.07902
0.1,223.90223693847656,CORRECTED_NRE,RS_stat,-3.323154353152025,1.0,0,20.0,1000,2,128,256,390,0.001,0.001,7,0,0.5,0.0001,200,1e-06,40.0,0,40.07902
0.1,223.90223693847656,CORRECTED_NRE,RS_stat,-1.5453971083065936,1.0,0,20.0,1000,2,128,256,390,0.001,0.001,7,0,0.5,0.0001,200,1e-06,40.0,0,40.07902
0.1,223.90223693847656,CORRECTED_NRE,RS_pvalue,0.0011492346482214544,1.0,0,20.0,1000,2,128,256,390,0.001,0.001,7,0,0.5,0.0001,200,1e-06,40.0,0,40.07902
0.1,223.90223693847656,CORRECTED_NRE,RS_pvalue,0.0008900565008964153,1.0,0,20.0,1000,2,128,256,390,0.001,0.001,7,0,0.5,0.0001,200,1e-06,40.0,0,40.07902
0.1,223.90223693847656,CORRECTED_NRE,RS_pvalue,0.12225023934148312,1.0,0,20.0,1000,2,128,256,390,0.001,0.001,7,0,0.5,0.0001,200,1e-06,40.0,0,40.07902
0.1,223.90223693847656,ALL,TIME_SIMULATION,0.544395923614502,1.0,0,20.0,1000,2,128,256,390,0.001,0.001,7,0,0.5,0.0001,200,1e-06,40.0,0,40.07902
0.1,223.90223693847656,ALL,TIME_TRAINING,51.02828121185303,1.0,0,20.0,1000,2,128,256,390,0.001,0.001,7,0,0.5,0.0001,200,1e-06,40.0,0,40.07902
0.1,223.90223693847656,ALL,TIME_EVAL,21.761257886886597,1.0,0,20.0,1000,2,128,256,390,0.001,0.001,7,0,0.5,0.0001,200,1e-06,40.0,0,40.07902
0.1,223.90223693847656,ALL,NN_TRAIN_ACCURACY,"[0.49903595, 0.79934144, 0.87889373, 0.8782802, 0.878105, 0.876252, 0.8780298, 0.8767653, 0.8830754, 0.88320065, 0.88216144, 0.8814854, 0.88176084, 0.8818234, 0.88134766, 0.88320065, 0.8845027, 0.883764, 0.8843775, 0.88477814, 0.88421476, 0.88236177, 0.8832257, 0.8829753, 0.88435245, 0.884678, 0.88485324, 0.8846655, 0.8844276, 0.8851287, 0.8847531, 0.8850035, 0.8850911, 0.88539165, 0.88510364, 0.8849284, 0.88510364, 0.8855168, 0.88527894, 0.88598007, 0.8854793, 0.8855168, 0.88570464, 0.8857672, 0.8857422, 0.88598007, 0.8860802, 0.8860552, 0.88603014, 0.88639325, 0.8860802, 0.88628054, 0.8857422, 0.88585484, 0.8861929, 0.88623047, 0.88629305, 0.88571715, 0.8859175, 0.88603014, 0.8863306, 0.886243, 0.88621795, 0.88628054, 0.8863056, 0.88628054, 0.8861804, 0.8861804, 0.88623047, 0.8863557, 0.88596755]",1.0,0,20.0,1000,2,128,256,390,0.001,0.001,7,0,0.5,0.0001,200,1e-06,40.0,0,40.07902
0.1,223.90223693847656,ALL,NN_TEST_ACCURACY,"[0.5035056, 0.8800581, 0.8716446, 0.8734976, 0.8629808, 0.88236177, 0.87234575, 0.88040864, 0.88291264, 0.8812099, 0.8794571, 0.88191104, 0.8776042, 0.88226163, 0.88040864, 0.88251203, 0.8835136, 0.8811098, 0.88341343, 0.88176084, 0.8821114, 0.88316303, 0.883764, 0.8838141, 0.88276243, 0.88296276, 0.88346356, 0.8830629, 0.88226163, 0.88311297, 0.88296276, 0.88291264, 0.8835637, 0.8830629, 0.8835637, 0.8828125, 0.88311297, 0.8830629, 0.88216144, 0.88296276, 0.88346356, 0.8808093, 0.88246197, 0.8814603, 0.8809595, 0.88246197, 0.8838141, 0.88411456, 0.88371396, 0.88276243, 0.88276243, 0.88291264, 0.8840645, 0.88411456, 0.8842648, 0.88321316, 0.88316303, 0.8828125, 0.88291264, 0.8841647, 0.88366383, 0.8844151, 0.8830629, 0.8835136, 0.8840144, 0.88316303, 0.88361377, 0.88411456, 0.8841647, 0.8835136, 0.88386416]",1.0,0,20.0,1000,2,128,256,390,0.001,0.001,7,0,0.5,0.0001,200,1e-06,40.0,0,40.07902
0.05,75.20101165771484,ABC,C2ST,0.8706499934196472,1.0,0,20.0,1000,2,128,256,390,0.001,0.001,7,0,0.5,0.0001,200,1e-06,40.0,0,40.07902
0.05,75.20101165771484,ABC,C2ST,0.8708000183105469,1.0,0,20.0,1000,2,128,256,390,0.001,0.001,7,0,0.5,0.0001,200,1e-06,40.0,0,40.07902
0.05,75.20101165771484,ABC,C2ST,0.8721500039100647,1.0,0,20.0,1000,2,128,256,390,0.001,0.001,7,0,0.5,0.0001,200,1e-06,40.0,0,40.07902
0.05,75.20101165771484,ABC,RS_stat,48.459396846599574,1.0,0,20.0,1000,2,128,256,390,0.001,0.001,7,0,0.5,0.0001,200,1e-06,40.0,0,40.07902
0.05,75.20101165771484,ABC,RS_stat,48.77403818557364,1.0,0,20.0,1000,2,128,256,390,0.001,0.001,7,0,0.5,0.0001,200,1e-06,40.0,0,40.07902
0.05,75.20101165771484,ABC,RS_stat,48.41768797796814,1.0,0,20.0,1000,2,128,256,390,0.001,0.001,7,0,0.5,0.0001,200,1e-06,40.0,0,40.07902
0.05,75.20101165771484,ABC,RS_pvalue,0.0,1.0,0,20.0,1000,2,128,256,390,0.001,0.001,7,0,0.5,0.0001,200,1e-06,40.0,0,40.07902
0.05,75.20101165771484,ABC,RS_pvalue,0.0,1.0,0,20.0,1000,2,128,256,390,0.001,0.001,7,0,0.5,0.0001,200,1e-06,40.0,0,40.07902
0.05,75.20101165771484,ABC,RS_pvalue,0.0,1.0,0,20.0,1000,2,128,256,390,0.001,0.001,7,0,0.5,0.0001,200,1e-06,40.0,0,40.07902
0.05,75.20101165771484,NRE,C2ST,0.4985499978065491,1.0,0,20.0,1000,2,128,256,390,0.001,0.001,7,0,0.5,0.0001,200,1e-06,40.0,0,40.07902
0.05,75.20101165771484,NRE,C2ST,0.5097000002861023,1.0,0,20.0,1000,2,128,256,390,0.001,0.001,7,0,0.5,0.0001,200,1e-06,40.0,0,40.07902
0.05,75.20101165771484,NRE,C2ST,0.5174499750137329,1.0,0,20.0,1000,2,128,256,390,0.001,0.001,7,0,0.5,0.0001,200,1e-06,40.0,0,40.07902
0.05,75.20101165771484,NRE,RS_stat,-0.12516579675041498,1.0,0,20.0,1000,2,128,256,390,0.001,0.001,7,0,0.5,0.0001,200,1e-06,40.0,0,40.07902
0.05,75.20101165771484,NRE,RS_stat,1.077649341593233,1.0,0,20.0,1000,2,128,256,390,0.001,0.001,7,0,0.5,0.0001,200,1e-06,40.0,0,40.07902
0.05,75.20101165771484,NRE,RS_stat,1.4422431008418461,1.0,0,20.0,1000,2,128,256,390,0.001,0.001,7,0,0.5,0.0001,200,1e-06,40.0,0,40.07902
0.05,75.20101165771484,NRE,RS_pvalue,0.9003922944961178,1.0,0,20.0,1000,2,128,256,390,0.001,0.001,7,0,0.5,0.0001,200,1e-06,40.0,0,40.07902
0.05,75.20101165771484,NRE,RS_pvalue,0.2811902736905899,1.0,0,20.0,1000,2,128,256,390,0.001,0.001,7,0,0.5,0.0001,200,1e-06,40.0,0,40.07902
0.05,75.20101165771484,NRE,RS_pvalue,0.1492338054913974,1.0,0,20.0,1000,2,128,256,390,0.001,0.001,7,0,0.5,0.0001,200,1e-06,40.0,0,40.07902
0.05,75.20101165771484,CORRECTED_NRE,C2ST,0.5206999778747559,1.0,0,20.0,1000,2,128,256,390,0.001,0.001,7,0,0.5,0.0001,200,1e-06,40.0,0,40.07902
0.05,75.20101165771484,CORRECTED_NRE,C2ST,0.5076500177383423,1.0,0,20.0,1000,2,128,256,390,0.001,0.001,7,0,0.5,0.0001,200,1e-06,40.0,0,40.07902
0.05,75.20101165771484,CORRECTED_NRE,C2ST,0.5105000138282776,1.0,0,20.0,1000,2,128,256,390,0.001,0.001,7,0,0.5,0.0001,200,1e-06,40.0,0,40.07902
0.05,75.20101165771484,CORRECTED_NRE,RS_stat,1.8127081402237422,1.0,0,20.0,1000,2,128,256,390,0.001,0.001,7,0,0.5,0.0001,200,1e-06,40.0,0,40.07902
0.05,75.20101165771484,CORRECTED_NRE,RS_stat,2.214718144643803,1.0,0,20.0,1000,2,128,256,390,0.001,0.001,7,0,0.5,0.0001,200,1e-06,40.0,0,40.07902
0.05,75.20101165771484,CORRECTED_NRE,RS_stat,1.4334631243555083,1.0,0,20.0,1000,2,128,256,390,0.001,0.001,7,0,0.5,0.0001,200,1e-06,40.0,0,40.07902
0.05,75.20101165771484,CORRECTED_NRE,RS_pvalue,0.06987684831465382,1.0,0,20.0,1000,2,128,256,390,0.001,0.001,7,0,0.5,0.0001,200,1e-06,40.0,0,40.07902
0.05,75.20101165771484,CORRECTED_NRE,RS_pvalue,0.026779416648549003,1.0,0,20.0,1000,2,128,256,390,0.001,0.001,7,0,0.5,0.0001,200,1e-06,40.0,0,40.07902
0.05,75.20101165771484,CORRECTED_NRE,RS_pvalue,0.15172552993581792,1.0,0,20.0,1000,2,128,256,390,0.001,0.001,7,0,0.5,0.0001,200,1e-06,40.0,0,40.07902
0.05,75.20101165771484,ALL,TIME_SIMULATION,1.5220427513122559,1.0,0,20.0,1000,2,128,256,390,0.001,0.001,7,0,0.5,0.0001,200,1e-06,40.0,0,40.07902
0.05,75.20101165771484,ALL,TIME_TRAINING,53.17067289352417,1.0,0,20.0,1000,2,128,256,390,0.001,0.001,7,0,0.5,0.0001,200,1e-06,40.0,0,40.07902
0.05,75.20101165771484,ALL,TIME_EVAL,26.336118936538696,1.0,0,20.0,1000,2,128,256,390,0.001,0.001,7,0,0.5,0.0001,200,1e-06,40.0,0,40.07902
0.05,75.20101165771484,ALL,NN_TRAIN_ACCURACY,"[0.5925481, 0.7951097, 0.8355619, 0.83950573, 0.83857924, 0.84009415, 0.83815354, 0.84604114, 0.84040713, 0.8443384, 0.8426858, 0.84372497, 0.8421349, 0.8465169, 0.8457782, 0.84681743, 0.8460161, 0.84615386, 0.8457407, 0.84734327, 0.8490585, 0.84781903, 0.8471054, 0.8482071, 0.84764373, 0.8502354, 0.84908354, 0.8486453, 0.84834486, 0.8488081, 0.84790665, 0.8511243, 0.8513872, 0.851575, 0.8504733, 0.850636, 0.85160005, 0.8512245, 0.8514999, 0.85152495, 0.8509991, 0.85160005, 0.8519882, 0.85227615, 0.85260165, 0.8524765, 0.8526768, 0.85235125, 0.8523763, 0.85261416, 0.8529147, 0.8525516, 0.85227615, 0.85220104, 0.852514, 0.85258913, 0.85246396, 0.85253906, 0.8524013, 0.8526768, 0.85278946, 0.85252655, 0.85233873, 0.852489, 0.852489, 0.8528896, 0.8525766, 0.8525766, 0.8526893, 0.8526392, 0.85258913, 0.8527644, 0.85285205, 0.8526392, 0.85241383, 0.85253906, 0.8526643, 0.85258913]",1.0,0,20.0,1000,2,128,256,390,0.001,0.001,7,0,0.5,0.0001,200,1e-06,40.0,0,40.07902
0.05,75.20101165771484,ALL,NN_TEST_ACCURACY,"[0.59410053, 0.8453526, 0.85066104, 0.7686799, 0.85236377, 0.84965944, 0.8447516, 0.84490186, 0.84490186, 0.8457031, 0.85136217, 0.8503105, 0.8097456, 0.85191303, 0.85246396, 0.8474559, 0.8464543, 0.8523137, 0.848107, 0.8526643, 0.84630406, 0.85171276, 0.8502103, 0.8503105, 0.85041064, 0.8503105, 0.8464543, 0.85166264, 0.8508113, 0.84815705, 0.85136217, 0.85041064, 0.85221356, 0.85216343, 0.85236377, 0.85176283, 0.85121197, 0.85286456, 0.8503606, 0.85176283, 0.85336536, 0.8535657, 0.85321516, 0.8526643, 0.8538161, 0.85211337, 0.8530649, 0.8540164, 0.8528145, 0.8520633, 0.8535657, 0.8528145, 0.8513121, 0.85311496, 0.8535657, 0.8539163, 0.85411656, 0.8530649, 0.85336536, 0.85336536, 0.853766, 0.8535156, 0.85321516, 0.85371596, 0.85396636, 0.8534155, 0.85336536, 0.8534155, 0.8534155, 0.8533153, 0.85321516, 0.8531651, 0.8530649, 0.85311496, 0.85346556, 0.8535156, 0.8532652, 0.85311496]",1.0,0,20.0,1000,2,128,256,390,0.001,0.001,7,0,0.5,0.0001,200,1e-06,40.0,0,40.07902
0.01,3.8121845722198486,ABC,C2ST,0.6128000020980835,1.0,0,20.0,1000,2,128,256,390,0.001,0.001,7,0,0.5,0.0001,200,1e-06,40.0,0,40.07902
0.01,3.8121845722198486,ABC,C2ST,0.6148499846458435,1.0,0,20.0,1000,2,128,256,390,0.001,0.001,7,0,0.5,0.0001,200,1e-06,40.0,0,40.07902
0.01,3.8121845722198486,ABC,C2ST,0.6134999990463257,1.0,0,20.0,1000,2,128,256,390,0.001,0.001,7,0,0.5,0.0001,200,1e-06,40.0,0,40.07902
0.01,3.8121845722198486,ABC,RS_stat,5.673576960701207,1.0,0,20.0,1000,2,128,256,390,0.001,0.001,7,0,0.5,0.0001,200,1e-06,40.0,0,40.07902
0.01,3.8121845722198486,ABC,RS_stat,5.7957360839582535,1.0,0,20.0,1000,2,128,256,390,0.001,0.001,7,0,0.5,0.0001,200,1e-06,40.0,0,40.07902
0.01,3.8121845722198486,ABC,RS_stat,6.4232943642368605,1.0,0,20.0,1000,2,128,256,390,0.001,0.001,7,0,0.5,0.0001,200,1e-06,40.0,0,40.07902
0.01,3.8121845722198486,ABC,RS_pvalue,1.3984623034364174e-08,1.0,0,20.0,1000,2,128,256,390,0.001,0.001,7,0,0.5,0.0001,200,1e-06,40.0,0,40.07902
0.01,3.8121845722198486,ABC,RS_pvalue,6.802216307430357e-09,1.0,0,20.0,1000,2,128,256,390,0.001,0.001,7,0,0.5,0.0001,200,1e-06,40.0,0,40.07902
0.01,3.8121845722198486,ABC,RS_pvalue,1.333562542237141e-10,1.0,0,20.0,1000,2,128,256,390,0.001,0.001,7,0,0.5,0.0001,200,1e-06,40.0,0,40.07902
0.01,3.8121845722198486,NRE,C2ST,0.5410500168800354,1.0,0,20.0,1000,2,128,256,390,0.001,0.001,7,0,0.5,0.0001,200,1e-06,40.0,0,40.07902
0.01,3.8121845722198486,NRE,C2ST,0.5398499965667725,1.0,0,20.0,1000,2,128,256,390,0.001,0.001,7,0,0.5,0.0001,200,1e-06,40.0,0,40.07902
0.01,3.8121845722198486,NRE,C2ST,0.5374000072479248,1.0,0,20.0,1000,2,128,256,390,0.001,0.001,7,0,0.5,0.0001,200,1e-06,40.0,0,40.07902
0.01,3.8121845722198486,NRE,RS_stat,7.24414684578283,1.0,0,20.0,1000,2,128,256,390,0.001,0.001,7,0,0.5,0.0001,200,1e-06,40.0,0,40.07902
0.01,3.8121845722198486,NRE,RS_stat,7.138044951108903,1.0,0,20.0,1000,2,128,256,390,0.001,0.001,7,0,0.5,0.0001,200,1e-06,40.0,0,40.07902
0.01,3.8121845722198486,NRE,RS_stat,8.49865227392734,1.0,0,20.0,1000,2,128,256,390,0.001,0.001,7,0,0.5,0.0001,200,1e-06,40.0,0,40.07902
0.01,3.8121845722198486,NRE,RS_pvalue,4.351697318683172e-13,1.0,0,20.0,1000,2,128,256,390,0.001,0.001,7,0,0.5,0.0001,200,1e-06,40.0,0,40.07902
0.01,3.8121845722198486,NRE,RS_pvalue,9.46676766107261e-13,1.0,0,20.0,1000,2,128,256,390,0.001,0.001,7,0,0.5,0.0001,200,1e-06,40.0,0,40.07902
0.01,3.8121845722198486,NRE,RS_pvalue,1.918045217283801e-17,1.0,0,20.0,1000,2,128,256,390,0.001,0.001,7,0,0.5,0.0001,200,1e-06,40.0,0,40.07902
0.01,3.8121845722198486,CORRECTED_NRE,C2ST,0.5236999988555908,1.0,0,20.0,1000,2,128,256,390,0.001,0.001,7,0,0.5,0.0001,200,1e-06,40.0,0,40.07902
0.01,3.8121845722198486,CORRECTED_NRE,C2ST,0.520550012588501,1.0,0,20.0,1000,2,128,256,390,0.001,0.001,7,0,0.5,0.0001,200,1e-06,40.0,0,40.07902
0.01,3.8121845722198486,CORRECTED_NRE,C2ST,0.5170999765396118,1.0,0,20.0,1000,2,128,256,390,0.001,0.001,7,0,0.5,0.0001,200,1e-06,40.0,0,40.07902
0.01,3.8121845722198486,CORRECTED_NRE,RS_stat,4.135486497633488,1.0,0,20.0,1000,2,128,256,390,0.001,0.001,7,0,0.5,0.0001,200,1e-06,40.0,0,40.07902
0.01,3.8121845722198486,CORRECTED_NRE,RS_stat,1.9507469084970888,1.0,0,20.0,1000,2,128,256,390,0.001,0.001,7,0,0.5,0.0001,200,1e-06,40.0,0,40.07902
0.01,3.8121845722198486,CORRECTED_NRE,RS_stat,2.6304339262794594,1.0,0,20.0,1000,2,128,256,390,0.001,0.001,7,0,0.5,0.0001,200,1e-06,40.0,0,40.07902
0.01,3.8121845722198486,CORRECTED_NRE,RS_pvalue,3.542034422446039e-05,1.0,0,20.0,1000,2,128,256,390,0.001,0.001,7,0,0.5,0.0001,200,1e-06,40.0,0,40.07902
0.01,3.8121845722198486,CORRECTED_NRE,RS_pvalue,0.05108716026555396,1.0,0,20.0,1000,2,128,256,390,0.001,0.001,7,0,0.5,0.0001,200,1e-06,40.0,0,40.07902
0.01,3.8121845722198486,CORRECTED_NRE,RS_pvalue,0.008527594446329764,1.0,0,20.0,1000,2,128,256,390,0.001,0.001,7,0,0.5,0.0001,200,1e-06,40.0,0,40.07902
0.01,3.8121845722198486,ALL,TIME_SIMULATION,4.699284315109253,1.0,0,20.0,1000,2,128,256,390,0.001,0.001,7,0,0.5,0.0001,200,1e-06,40.0,0,40.07902
0.01,3.8121845722198486,ALL,TIME_TRAINING,57.14344000816345,1.0,0,20.0,1000,2,128,256,390,0.001,0.001,7,0,0.5,0.0001,200,1e-06,40.0,0,40.07902
0.01,3.8121845722198486,ALL,TIME_EVAL,29.740298986434937,1.0,0,20.0,1000,2,128,256,390,0.001,0.001,7,0,0.5,0.0001,200,1e-06,40.0,0,40.07902
0.01,3.8121845722198486,ALL,NN_TRAIN_ACCURACY,"[0.50171524, 0.50356823, 0.5251277, 0.54430836, 0.5530599, 0.58890474, 0.59841996, 0.61738783, 0.6061824, 0.62244594, 0.6183519, 0.61822665, 0.62278396, 0.62253356, 0.62075573, 0.6186023, 0.62807995, 0.63246197, 0.64645934, 0.64147633, 0.63805836, 0.6466847, 0.63302535, 0.6400491, 0.63745743, 0.6334385, 0.6475611, 0.64808697, 0.6495267, 0.64663464, 0.6446565, 0.64997745, 0.6532202, 0.65159255, 0.65360826, 0.6522185, 0.65208083, 0.6533954, 0.6536458, 0.65630007, 0.65312, 0.6538962, 0.6532953, 0.65428436, 0.6545598, 0.65318257, 0.65417165, 0.65552384, 0.6544722, 0.6551733, 0.6564128, 0.65672576, 0.6558744, 0.6547476, 0.6557367, 0.65696365, 0.65721405, 0.6571765, 0.65636265, 0.6570137, 0.6574895, 0.65763974, 0.6573267, 0.65678835, 0.657502, 0.6580905, 0.65740186, 0.65728915, 0.6577399, 0.6573643, 0.65804034, 0.6576773, 0.65765226, 0.65804034, 0.65814054, 0.65702623, 0.6573643, 0.65763974]",1.0,0,20.0,1000,2,128,256,390,0.001,0.001,7,0,0.5,0.0001,200,1e-06,40.0,0,40.07902
0.01,3.8121845722198486,ALL,NN_TEST_ACCURACY,"[0.49303886, 0.5071114, 0.5989583, 0.5075621, 0.5085136, 0.6532953, 0.6534956, 0.65059096, 0.58673877, 0.49308893, 0.6381711, 0.65369594, 0.6363181, 0.6552484, 0.59815705, 0.6522436, 0.6497897, 0.6464343, 0.6472356, 0.654397, 0.65484774, 0.6519932, 0.65234375, 0.60917467, 0.6212941, 0.6584535, 0.65630007, 0.6545473, 0.65730166, 0.6547977, 0.6508914, 0.6389223, 0.6537961, 0.64838743, 0.63251203, 0.65790266, 0.65559894, 0.6582031, 0.6592548, 0.658103, 0.65564907, 0.6502905, 0.65705127, 0.6446815, 0.63696915, 0.65685093, 0.6496394, 0.6552985, 0.65459734, 0.6583534, 0.65715146, 0.65660053, 0.6340144, 0.65665066, 0.65710133, 0.65409654, 0.65569913, 0.657502, 0.6577023, 0.6511919, 0.65579927, 0.65855366, 0.65640026, 0.6514423, 0.65419674, 0.6495393, 0.65494794, 0.6555489, 0.65604967, 0.65394634, 0.65765226, 0.6554988, 0.6554988, 0.6572015, 0.6555489, 0.6572516, 0.65655047, 0.6534956]",1.0,0,20.0,1000,2,128,256,390,0.001,0.001,7,0,0.5,0.0001,200,1e-06,40.0,0,40.07902
0.005,0.9508709907531738,ABC,C2ST,0.5353000164031982,1.0,0,20.0,1000,2,128,256,390,0.001,0.001,7,0,0.5,0.0001,200,1e-06,40.0,0,40.07902
0.005,0.9508709907531738,ABC,C2ST,0.5370500087738037,1.0,0,20.0,1000,2,128,256,390,0.001,0.001,7,0,0.5,0.0001,200,1e-06,40.0,0,40.07902
0.005,0.9508709907531738,ABC,C2ST,0.5328500270843506,1.0,0,20.0,1000,2,128,256,390,0.001,0.001,7,0,0.5,0.0001,200,1e-06,40.0,0,40.07902
0.005,0.9508709907531738,ABC,RS_stat,2.073416737598019,1.0,0,20.0,1000,2,128,256,390,0.001,0.001,7,0,0.5,0.0001,200,1e-06,40.0,0,40.07902
0.005,0.9508709907531738,ABC,RS_stat,2.175464828091479,1.0,0,20.0,1000,2,128,256,390,0.001,0.001,7,0,0.5,0.0001,200,1e-06,40.0,0,40.07902
0.005,0.9508709907531738,ABC,RS_stat,2.473844411202018,1.0,0,20.0,1000,2,128,256,390,0.001,0.001,7,0,0.5,0.0001,200,1e-06,40.0,0,40.07902
0.005,0.9508709907531738,ABC,RS_pvalue,0.038133512581371334,1.0,0,20.0,1000,2,128,256,390,0.001,0.001,7,0,0.5,0.0001,200,1e-06,40.0,0,40.07902
0.005,0.9508709907531738,ABC,RS_pvalue,0.029595301038234885,1.0,0,20.0,1000,2,128,256,390,0.001,0.001,7,0,0.5,0.0001,200,1e-06,40.0,0,40.07902
0.005,0.9508709907531738,ABC,RS_pvalue,0.01336678955998364,1.0,0,20.0,1000,2,128,256,390,0.001,0.001,7,0,0.5,0.0001,200,1e-06,40.0,0,40.07902
0.005,0.9508709907531738,NRE,C2ST,0.8302500247955322,1.0,0,20.0,1000,2,128,256,390,0.001,0.001,7,0,0.5,0.0001,200,1e-06,40.0,0,40.07902
0.005,0.9508709907531738,NRE,C2ST,0.8288000226020813,1.0,0,20.0,1000,2,128,256,390,0.001,0.001,7,0,0.5,0.0001,200,1e-06,40.0,0,40.07902
0.005,0.9508709907531738,NRE,C2ST,0.82464998960495,1.0,0,20.0,1000,2,128,256,390,0.001,0.001,7,0,0.5,0.0001,200,1e-06,40.0,0,40.07902
0.005,0.9508709907531738,NRE,RS_stat,81.71910880595993,1.0,0,20.0,1000,2,128,256,390,0.001,0.001,7,0,0.5,0.0001,200,1e-06,40.0,0,40.07902
0.005,0.9508709907531738,NRE,RS_stat,82.14041663287898,1.0,0,20.0,1000,2,128,256,390,0.001,0.001,7,0,0.5,0.0001,200,1e-06,40.0,0,40.07902
0.005,0.9508709907531738,NRE,RS_stat,81.03379790032358,1.0,0,20.0,1000,2,128,256,390,0.001,0.001,7,0,0.5,0.0001,200,1e-06,40.0,0,40.07902
0.005,0.9508709907531738,NRE,RS_pvalue,0.0,1.0,0,20.0,1000,2,128,256,390,0.001,0.001,7,0,0.5,0.0001,200,1e-06,40.0,0,40.07902
0.005,0.9508709907531738,NRE,RS_pvalue,0.0,1.0,0,20.0,1000,2,128,256,390,0.001,0.001,7,0,0.5,0.0001,200,1e-06,40.0,0,40.07902
0.005,0.9508709907531738,NRE,RS_pvalue,0.0,1.0,0,20.0,1000,2,128,256,390,0.001,0.001,7,0,0.5,0.0001,200,1e-06,40.0,0,40.07902
0.005,0.9508709907531738,CORRECTED_NRE,C2ST,0.5169000029563904,1.0,0,20.0,1000,2,128,256,390,0.001,0.001,7,0,0.5,0.0001,200,1e-06,40.0,0,40.07902
0.005,0.9508709907531738,CORRECTED_NRE,C2ST,0.5055999755859375,1.0,0,20.0,1000,2,128,256,390,0.001,0.001,7,0,0.5,0.0001,200,1e-06,40.0,0,40.07902
0.005,0.9508709907531738,CORRECTED_NRE,C2ST,0.5164499878883362,1.0,0,20.0,1000,2,128,256,390,0.001,0.001,7,0,0.5,0.0001,200,1e-06,40.0,0,40.07902
0.005,0.9508709907531738,CORRECTED_NRE,RS_stat,-0.9152154900960945,1.0,0,20.0,1000,2,128,256,390,0.001,0.001,7,0,0.5,0.0001,200,1e-06,40.0,0,40.07902
0.005,0.9508709907531738,CORRECTED_NRE,RS_stat,0.9365892032554706,1.0,0,20.0,1000,2,128,256,390,0.001,0.001,7,0,0.5,0.0001,200,1e-06,40.0,0,40.07902
0.005,0.9508709907531738,CORRECTED_NRE,RS_stat,2.292957790041098,1.0,0,20.0,1000,2,128,256,390,0.001,0.001,7,0,0.5,0.0001,200,1e-06,40.0,0,40.07902
0.005,0.9508709907531738,CORRECTED_NRE,RS_pvalue,0.3600785142780357,1.0,0,20.0,1000,2,128,256,390,0.001,0.001,7,0,0.5,0.0001,200,1e-06,40.0,0,40.07902
0.005,0.9508709907531738,CORRECTED_NRE,RS_pvalue,0.34896990783639725,1.0,0,20.0,1000,2,128,256,390,0.001,0.001,7,0,0.5,0.0001,200,1e-06,40.0,0,40.07902
0.005,0.9508709907531738,CORRECTED_NRE,RS_pvalue,0.021850435189725702,1.0,0,20.0,1000,2,128,256,390,0.001,0.001,7,0,0.5,0.0001,200,1e-06,40.0,0,40.07902
0.005,0.9508709907531738,ALL,TIME_SIMULATION,10.627110242843628,1.0,0,20.0,1000,2,128,256,390,0.001,0.001,7,0,0.5,0.0001,200,1e-06,40.0,0,40.07902
0.005,0.9508709907531738,ALL,TIME_TRAINING,54.813050270080566,1.0,0,20.0,1000,2,128,256,390,0.001,0.001,7,0,0.5,0.0001,200,1e-06,40.0,0,40.07902
0.005,0.9508709907531738,ALL,TIME_EVAL,21.777188777923584,1.0,0,20.0,1000,2,128,256,390,0.001,0.001,7,0,0.5,0.0001,200,1e-06,40.0,0,40.07902
0.005,0.9508709907531738,ALL,NN_TRAIN_ACCURACY,"[0.49946165, 0.5126828, 0.5236128, 0.5361829, 0.52541566, 0.53304034, 0.5304863, 0.53456783, 0.53499347, 0.5349434, 0.534355, 0.533103, 0.535294, 0.53415465, 0.5320888, 0.5368214, 0.53821117, 0.53434247, 0.5320638, 0.535945, 0.5445588, 0.5448468, 0.54582334, 0.5438702, 0.54701275, 0.54228014, 0.54666215, 0.5481896, 0.5533729, 0.5543119, 0.54892826, 0.5503055, 0.5509941, 0.55775493, 0.5550631, 0.5492163, 0.5546249, 0.5534981, 0.5563777, 0.55884415, 0.55672824, 0.5584685, 0.55759215, 0.5573042, 0.5602464, 0.5615735, 0.5611353, 0.5601462, 0.5615735, 0.5595828, 0.5606846, 0.55994594, 0.55859375, 0.5615485, 0.56189907, 0.5622621, 0.560334, 0.5615485, 0.56164867, 0.56285053, 0.5615735, 0.5613857, 0.56194913, 0.5606721, 0.56153595, 0.56203675, 0.56252503, 0.56234974, 0.5622621, 0.5624249, 0.56219953, 0.5624875, 0.56278795, 0.5622621, 0.5631886, 0.562838, 0.56203675, 0.56253755]",1.0,0,20.0,1000,2,128,256,390,0.001,0.001,7,0,0.5,0.0001,200,1e-06,40.0,0,40.07902
0.005,0.9508709907531738,ALL,NN_TEST_ACCURACY,"[0.50240386, 0.5280449, 0.51702726, 0.561248, 0.5533353, 0.5024539, 0.5613982, 0.502504, 0.5022035, 0.5370593, 0.52203524, 0.54632413, 0.5022536, 0.5022035, 0.54682493, 0.56305087, 0.5441707, 0.5516827, 0.5466246, 0.5589443, 0.54221755, 0.55103165, 0.5586438, 0.5571915, 0.5024539, 0.5578926, 0.5307492, 0.5632011, 0.5638522, 0.56189907, 0.5615485, 0.55994594, 0.53986377, 0.55759215, 0.5580429, 0.5409155, 0.52303684, 0.56059694, 0.56194913, 0.5560397, 0.56164867, 0.5596454, 0.5509816, 0.564353, 0.56270033, 0.5574419, 0.5619992, 0.56244993, 0.5586939, 0.56330127, 0.5630008, 0.55959535, 0.5630008, 0.56244993, 0.5541867, 0.5609976, 0.5615485, 0.56305087, 0.5602965, 0.5630008, 0.56204927, 0.5613982, 0.5647035, 0.56169873, 0.56119794, 0.56260014, 0.5627504, 0.5648538, 0.56290066, 0.56505406, 0.56490386, 0.5630008, 0.56335133, 0.56260014, 0.56290066, 0.56315106, 0.56209934, 0.5654547]",1.0,0,20.0,1000,2,128,256,390,0.001,0.001,7,0,0.5,0.0001,200,1e-06,40.0,0,40.07902
0.001,0.057362526655197144,ABC,C2ST,0.5023999810218811,1.0,0,20.0,1000,2,128,256,390,0.001,0.001,7,0,0.5,0.0001,200,1e-06,40.0,0,40.07902
0.001,0.057362526655197144,ABC,C2ST,0.5083000063896179,1.0,0,20.0,1000,2,128,256,390,0.001,0.001,7,0,0.5,0.0001,200,1e-06,40.0,0,40.07902
0.001,0.057362526655197144,ABC,C2ST,0.5078999996185303,1.0,0,20.0,1000,2,128,256,390,0.001,0.001,7,0,0.5,0.0001,200,1e-06,40.0,0,40.07902
0.001,0.057362526655197144,ABC,RS_stat,0.11660626882978238,1.0,0,20.0,1000,2,128,256,390,0.001,0.001,7,0,0.5,0.0001,200,1e-06,40.0,0,40.07902
0.001,0.057362526655197144,ABC,RS_stat,0.08257758328467202,1.0,0,20.0,1000,2,128,256,390,0.001,0.001,7,0,0.5,0.0001,200,1e-06,40.0,0,40.07902
0.001,0.057362526655197144,ABC,RS_stat,0.8163087916639343,1.0,0,20.0,1000,2,128,256,390,0.001,0.001,7,0,0.5,0.0001,200,1e-06,40.0,0,40.07902
0.001,0.057362526655197144,ABC,RS_pvalue,0.9071720698106389,1.0,0,20.0,1000,2,128,256,390,0.001,0.001,7,0,0.5,0.0001,200,1e-06,40.0,0,40.07902
0.001,0.057362526655197144,ABC,RS_pvalue,0.9341874263323321,1.0,0,20.0,1000,2,128,256,390,0.001,0.001,7,0,0.5,0.0001,200,1e-06,40.0,0,40.07902
0.001,0.057362526655197144,ABC,RS_pvalue,0.4143235473360206,1.0,0,20.0,1000,2,128,256,390,0.001,0.001,7,0,0.5,0.0001,200,1e-06,40.0,0,40.07902
0.001,0.057362526655197144,NRE,C2ST,0.9969499707221985,1.0,0,20.0,1000,2,128,256,390,0.001,0.001,7,0,0.5,0.0001,200,1e-06,40.0,0,40.07902
0.001,0.057362526655197144,NRE,C2ST,0.9969499707221985,1.0,0,20.0,1000,2,128,256,390,0.001,0.001,7,0,0.5,0.0001,200,1e-06,40.0,0,40.07902
0.001,0.057362526655197144,NRE,C2ST,0.9975500106811523,1.0,0,20.0,1000,2,128,256,390,0.001,0.001,7,0,0.5,0.0001,200,1e-06,40.0,0,40.07902
0.001,0.057362526655197144,NRE,RS_stat,122.00609766044785,1.0,0,20.0,1000,2,128,256,390,0.001,0.001,7,0,0.5,0.0001,200,1e-06,40.0,0,40.07902
0.001,0.057362526655197144,NRE,RS_stat,121.86300082230582,1.0,0,20.0,1000,2,128,256,390,0.001,0.001,7,0,0.5,0.0001,200,1e-06,40.0,0,40.07902
0.001,0.057362526655197144,NRE,RS_stat,122.07550466664588,1.0,0,20.0,1000,2,128,256,390,0.001,0.001,7,0,0.5,0.0001,200,1e-06,40.0,0,40.07902
0.001,0.057362526655197144,NRE,RS_pvalue,0.0,1.0,0,20.0,1000,2,128,256,390,0.001,0.001,7,0,0.5,0.0001,200,1e-06,40.0,0,40.07902
0.001,0.057362526655197144,NRE,RS_pvalue,0.0,1.0,0,20.0,1000,2,128,256,390,0.001,0.001,7,0,0.5,0.0001,200,1e-06,40.0,0,40.07902
0.001,0.057362526655197144,NRE,RS_pvalue,0.0,1.0,0,20.0,1000,2,128,256,390,0.001,0.001,7,0,0.5,0.0001,200,1e-06,40.0,0,40.07902
0.001,0.057362526655197144,CORRECTED_NRE,C2ST,0.5083500146865845,1.0,0,20.0,1000,2,128,256,390,0.001,0.001,7,0,0.5,0.0001,200,1e-06,40.0,0,40.07902
0.001,0.057362526655197144,CORRECTED_NRE,C2ST,0.5072500109672546,1.0,0,20.0,1000,2,128,256,390,0.001,0.001,7,0,0.5,0.0001,200,1e-06,40.0,0,40.07902
0.001,0.057362526655197144,CORRECTED_NRE,C2ST,0.5107499957084656,1.0,0,20.0,1000,2,128,256,390,0.001,0.001,7,0,0.5,0.0001,200,1e-06,40.0,0,40.07902
0.001,0.057362526655197144,CORRECTED_NRE,RS_stat,2.3219908661444766,1.0,0,20.0,1000,2,128,256,390,0.001,0.001,7,0,0.5,0.0001,200,1e-06,40.0,0,40.07902
0.001,0.057362526655197144,CORRECTED_NRE,RS_stat,2.1005919221782046,1.0,0,20.0,1000,2,128,256,390,0.001,0.001,7,0,0.5,0.0001,200,1e-06,40.0,0,40.07902
0.001,0.057362526655197144,CORRECTED_NRE,RS_stat,3.341605898101553,1.0,0,20.0,1000,2,128,256,390,0.001,0.001,7,0,0.5,0.0001,200,1e-06,40.0,0,40.07902
0.001,0.057362526655197144,CORRECTED_NRE,RS_pvalue,0.02023342745347366,1.0,0,20.0,1000,2,128,256,390,0.001,0.001,7,0,0.5,0.0001,200,1e-06,40.0,0,40.07902
0.001,0.057362526655197144,CORRECTED_NRE,RS_pvalue,0.03567680374568045,1.0,0,20.0,1000,2,128,256,390,0.001,0.001,7,0,0.5,0.0001,200,1e-06,40.0,0,40.07902
0.001,0.057362526655197144,CORRECTED_NRE,RS_pvalue,0.0008329523552602942,1.0,0,20.0,1000,2,128,256,390,0.001,0.001,7,0,0.5,0.0001,200,1e-06,40.0,0,40.07902
0.001,0.057362526655197144,ALL,TIME_SIMULATION,38.02128505706787,1.0,0,20.0,1000,2,128,256,390,0.001,0.001,7,0,0.5,0.0001,200,1e-06,40.0,0,40.07902
0.001,0.057362526655197144,ALL,TIME_TRAINING,50.79436373710632,1.0,0,20.0,1000,2,128,256,390,0.001,0.001,7,0,0.5,0.0001,200,1e-06,40.0,0,40.07902
0.001,0.057362526655197144,ALL,TIME_EVAL,19.136955976486206,1.0,0,20.0,1000,2,128,256,390,0.001,0.001,7,0,0.5,0.0001,200,1e-06,40.0,0,40.07902
0.001,0.057362526655197144,ALL,NN_TRAIN_ACCURACY,"[0.49991235, 0.5013271, 0.5018279, 0.5004883, 0.50229114, 0.5004257, 0.50021285, 0.50190306, 0.49991235, 0.49938652, 0.49952424, 0.50138974, 0.49897337, 0.49903595, 0.4988732, 0.50390625, 0.50021285, 0.5007387, 0.4991862, 0.50035053, 0.5018279, 0.5011143, 0.49964944, 0.5010892, 0.5028546, 0.50077623, 0.4995618, 0.50045073, 0.501252, 0.49723306, 0.5005634, 0.5002629, 0.50122696, 0.5029422, 0.50055087, 0.50030047, 0.5014148, 0.49896082, 0.502166, 0.5013647, 0.501878, 0.5013146, 0.5007637, 0.49984977, 0.5026793, 0.50013775, 0.5005634, 0.501565, 0.50038815, 0.5022661, 0.4997496, 0.5005008, 0.5010767, 0.50038815, 0.5042067, 0.5011644, 0.5039563, 0.50085133, 0.50021285, 0.50502056, 0.50246644, 0.4992488, 0.4998122, 0.5022661, 0.50090146, 0.5020157, 0.5016902, 0.50257915, 0.501565, 0.5047827, 0.50517076, 0.5035432, 0.5029172, 0.50138974, 0.5026668]",1.0,0,20.0,1000,2,128,256,390,0.001,0.001,7,0,0.5,0.0001,200,1e-06,40.0,0,40.07902
0.001,0.057362526655197144,ALL,NN_TEST_ACCURACY,"[0.5007512, 0.4991987, 0.49914864, 0.49934897, 0.49934897, 0.50090146, 0.5007512, 0.50085133, 0.49904847, 0.49914864, 0.49929887, 0.4982472, 0.4991987, 0.5007512, 0.50105166, 0.5009515, 0.4992488, 0.4989984, 0.49884817, 0.5007512, 0.5010016, 0.5010016, 0.4989984, 0.4991987, 0.49914864, 0.50165266, 0.49914864, 0.49964944, 0.49934897, 0.4994491, 0.5035056, 0.49904847, 0.50085133, 0.49929887, 0.5028546, 0.5037059, 0.49929887, 0.50085133, 0.49914864, 0.5012019, 0.5007512, 0.50080127, 0.5007512, 0.49939904, 0.49934897, 0.5007011, 0.50080127, 0.5010016, 0.49909857, 0.50065106, 0.50155246, 0.5009515, 0.50090146, 0.50230366, 0.5010016, 0.50065106, 0.5007011, 0.50085133, 0.5010016, 0.50065106, 0.50230366, 0.50035053, 0.50080127, 0.50090146, 0.5019531, 0.5022536, 0.503756, 0.5043069, 0.5034555, 0.50565904, 0.50180286, 0.5017027, 0.5053085, 0.5022536, 0.50440705]",1.0,0,20.0,1000,2,128,256,390,0.001,0.001,7,0,0.5,0.0001,200,1e-06,40.0,0,40.07902
0.0005,0.02139347419142723,ABC,C2ST,0.49320000410079956,1.0,0,20.0,1000,2,128,256,390,0.001,0.001,7,0,0.5,0.0001,200,1e-06,40.0,0,40.07902
0.0005,0.02139347419142723,ABC,C2ST,0.4987500011920929,1.0,0,20.0,1000,2,128,256,390,0.001,0.001,7,0,0.5,0.0001,200,1e-06,40.0,0,40.07902
0.0005,0.02139347419142723,ABC,C2ST,0.4979499876499176,1.0,0,20.0,1000,2,128,256,390,0.001,0.001,7,0,0.5,0.0001,200,1e-06,40.0,0,40.07902
0.0005,0.02139347419142723,ABC,RS_stat,-0.1831474436736527,1.0,0,20.0,1000,2,128,256,390,0.001,0.001,7,0,0.5,0.0001,200,1e-06,40.0,0,40.07902
0.0005,0.02139347419142723,ABC,RS_stat,0.21902422302792526,1.0,0,20.0,1000,2,128,256,390,0.001,0.001,7,0,0.5,0.0001,200,1e-06,40.0,0,40.07902
0.0005,0.02139347419142723,ABC,RS_stat,-0.10940739844525264,1.0,0,20.0,1000,2,128,256,390,0.001,0.001,7,0,0.5,0.0001,200,1e-06,40.0,0,40.07902
0.0005,0.02139347419142723,ABC,RS_pvalue,0.8546823306208899,1.0,0,20.0,1000,2,128,256,390,0.001,0.001,7,0,0.5,0.0001,200,1e-06,40.0,0,40.07902
0.0005,0.02139347419142723,ABC,RS_pvalue,0.8266311785989886,1.0,0,20.0,1000,2,128,256,390,0.001,0.001,7,0,0.5,0.0001,200,1e-06,40.0,0,40.07902
0.0005,0.02139347419142723,ABC,RS_pvalue,0.9128793658661312,1.0,0,20.0,1000,2,128,256,390,0.001,0.001,7,0,0.5,0.0001,200,1e-06,40.0,0,40.07902
0.0005,0.02139347419142723,NRE,C2ST,0.9130499958992004,1.0,0,20.0,1000,2,128,256,390,0.001,0.001,7,0,0.5,0.0001,200,1e-06,40.0,0,40.07902
0.0005,0.02139347419142723,NRE,C2ST,0.91839998960495,1.0,0,20.0,1000,2,128,256,390,0.001,0.001,7,0,0.5,0.0001,200,1e-06,40.0,0,40.07902
0.0005,0.02139347419142723,NRE,C2ST,0.9103500247001648,1.0,0,20.0,1000,2,128,256,390,0.001,0.001,7,0,0.5,0.0001,200,1e-06,40.0,0,40.07902
0.0005,0.02139347419142723,NRE,RS_stat,81.43663336215077,1.0,0,20.0,1000,2,128,256,390,0.001,0.001,7,0,0.5,0.0001,200,1e-06,40.0,0,40.07902
0.0005,0.02139347419142723,NRE,RS_stat,80.96646923421444,1.0,0,20.0,1000,2,128,256,390,0.001,0.001,7,0,0.5,0.0001,200,1e-06,40.0,0,40.07902
0.0005,0.02139347419142723,NRE,RS_stat,81.42362812148842,1.0,0,20.0,1000,2,128,256,390,0.001,0.001,7,0,0.5,0.0001,200,1e-06,40.0,0,40.07902
0.0005,0.02139347419142723,NRE,RS_pvalue,0.0,1.0,0,20.0,1000,2,128,256,390,0.001,0.001,7,0,0.5,0.0001,200,1e-06,40.0,0,40.07902
0.0005,0.02139347419142723,NRE,RS_pvalue,0.0,1.0,0,20.0,1000,2,128,256,390,0.001,0.001,7,0,0.5,0.0001,200,1e-06,40.0,0,40.07902
0.0005,0.02139347419142723,NRE,RS_pvalue,0.0,1.0,0,20.0,1000,2,128,256,390,0.001,0.001,7,0,0.5,0.0001,200,1e-06,40.0,0,40.07902
0.0005,0.02139347419142723,CORRECTED_NRE,C2ST,0.48989999294281006,1.0,0,20.0,1000,2,128,256,390,0.001,0.001,7,0,0.5,0.0001,200,1e-06,40.0,0,40.07902
0.0005,0.02139347419142723,CORRECTED_NRE,C2ST,0.5036500096321106,1.0,0,20.0,1000,2,128,256,390,0.001,0.001,7,0,0.5,0.0001,200,1e-06,40.0,0,40.07902
0.0005,0.02139347419142723,CORRECTED_NRE,C2ST,0.49985000491142273,1.0,0,20.0,1000,2,128,256,390,0.001,0.001,7,0,0.5,0.0001,200,1e-06,40.0,0,40.07902
0.0005,0.02139347419142723,CORRECTED_NRE,RS_stat,0.1305165733257825,1.0,0,20.0,1000,2,128,256,390,0.001,0.001,7,0,0.5,0.0001,200,1e-06,40.0,0,40.07902
0.0005,0.02139347419142723,CORRECTED_NRE,RS_stat,0.013301621511802905,1.0,0,20.0,1000,2,128,256,390,0.001,0.001,7,0,0.5,0.0001,200,1e-06,40.0,0,40.07902
0.0005,0.02139347419142723,CORRECTED_NRE,RS_stat,0.5003410871528795,1.0,0,20.0,1000,2,128,256,390,0.001,0.001,7,0,0.5,0.0001,200,1e-06,40.0,0,40.07902
0.0005,0.02139347419142723,CORRECTED_NRE,RS_pvalue,0.8961577426787531,1.0,0,20.0,1000,2,128,256,390,0.001,0.001,7,0,0.5,0.0001,200,1e-06,40.0,0,40.07902
0.0005,0.02139347419142723,CORRECTED_NRE,RS_pvalue,0.989387154523682,1.0,0,20.0,1000,2,128,256,390,0.001,0.001,7,0,0.5,0.0001,200,1e-06,40.0,0,40.07902
0.0005,0.02139347419142723,CORRECTED_NRE,RS_pvalue,0.6168349280153171,1.0,0,20.0,1000,2,128,256,390,0.001,0.001,7,0,0.5,0.0001,200,1e-06,40.0,0,40.07902
0.0005,0.02139347419142723,ALL,TIME_SIMULATION,68.0513379573822,1.0,0,20.0,1000,2,128,256,390,0.001,0.001,7,0,0.5,0.0001,200,1e-06,40.0,0,40.07902
0.0005,0.02139347419142723,ALL,TIME_TRAINING,52.877630949020386,1.0,0,20.0,1000,2,128,256,390,0.001,0.001,7,0,0.5,0.0001,200,1e-06,40.0,0,40.07902
0.0005,0.02139347419142723,ALL,TIME_EVAL,25.00080418586731,1.0,0,20.0,1000,2,128,256,390,0.001,0.001,7,0,0.5,0.0001,200,1e-06,40.0,0,40.07902
0.0005,0.02139347419142723,ALL,NN_TRAIN_ACCURACY,"[0.5002504, 0.4970578, 0.50155246, 0.4986228, 0.5011644, 0.50077623, 0.49740836, 0.5, 0.4996244, 0.49739584, 0.49901092, 0.4978716, 0.49914864, 0.50179034, 0.50088894, 0.5003756, 0.49699518, 0.5006636, 0.4999374, 0.49941155, 0.5044571, 0.5009891, 0.5007387, 0.5015901, 0.4992363, 0.5001628, 0.49939904, 0.5003756, 0.5003756, 0.5007637, 0.49942407, 0.5018154, 0.5028546, 0.5027794, 0.5016777, 0.49938652, 0.49959937, 0.49978715, 0.499374, 0.50013775, 0.49901092, 0.4992363, 0.4983724, 0.49883562, 0.49803436, 0.4993114, 0.49877304, 0.49966195, 0.49595603, 0.5011894, 0.4976212, 0.5012645, 0.5003756, 0.5002379, 0.49934897, 0.49834734, 0.49909857, 0.5001628, 0.49797174, 0.4994491, 0.49952424, 0.50221604, 0.50180286, 0.4991987, 0.50020033, 0.5011018, 0.49946165, 0.49971205, 0.49859777, 0.5015274]",1.0,0,20.0,1000,2,128,256,390,0.001,0.001,7,0,0.5,0.0001,200,1e-06,40.0,0,40.07902
0.0005,0.02139347419142723,ALL,NN_TEST_ACCURACY,"[0.49929887, 0.50090146, 0.50065106, 0.50090146, 0.4992488, 0.49959937, 0.4992488, 0.5007512, 0.4991987, 0.4994491, 0.49914864, 0.5007512, 0.50085133, 0.49909857, 0.49964944, 0.4992488, 0.50090146, 0.4991987, 0.4994491, 0.49909857, 0.5007512, 0.4991987, 0.4989483, 0.49914864, 0.5007512, 0.49914864, 0.4992488, 0.50060093, 0.4992488, 0.49904847, 0.49929887, 0.5005008, 0.50080127, 0.5009515, 0.50065106, 0.50060093, 0.4989984, 0.50230366, 0.4994491, 0.49934897, 0.49939904, 0.4991987, 0.4994491, 0.49809694, 0.49829727, 0.5009515, 0.5007512, 0.4991987, 0.5011018, 0.498748, 0.50115186, 0.49889824, 0.5040565, 0.49789664, 0.4984976, 0.5007011, 0.4986979, 0.49804688, 0.5002504, 0.4981971, 0.50080127, 0.49994993, 0.50040066, 0.49934897, 0.4992488, 0.49829727, 0.49954927, 0.5027544, 0.49909857, 0.5007512]",1.0,0,20.0,1000,2,128,256,390,0.001,0.001,7,0,0.5,0.0001,200,1e-06,40.0,0,40.07902
0.0001,0.0005973460501991212,ABC,C2ST,0.5081499814987183,1.0,0,20.0,1000,2,128,256,390,0.001,0.001,7,0,0.5,0.0001,200,1e-06,40.0,0,40.07902
0.0001,0.0005973460501991212,ABC,C2ST,0.5040000081062317,1.0,0,20.0,1000,2,128,256,390,0.001,0.001,7,0,0.5,0.0001,200,1e-06,40.0,0,40.07902
0.0001,0.0005973460501991212,ABC,C2ST,0.5081499814987183,1.0,0,20.0,1000,2,128,256,390,0.001,0.001,7,0,0.5,0.0001,200,1e-06,40.0,0,40.07902
0.0001,0.0005973460501991212,ABC,RS_stat,-0.8301088718770818,1.0,0,20.0,1000,2,128,256,390,0.001,0.001,7,0,0.5,0.0001,200,1e-06,40.0,0,40.07902
0.0001,0.0005973460501991212,ABC,RS_stat,-0.251092141052513,1.0,0,20.0,1000,2,128,256,390,0.001,0.001,7,0,0.5,0.0001,200,1e-06,40.0,0,40.07902
0.0001,0.0005973460501991212,ABC,RS_stat,-0.44441328603346214,1.0,0,20.0,1000,2,128,256,390,0.001,0.001,7,0,0.5,0.0001,200,1e-06,40.0,0,40.07902
0.0001,0.0005973460501991212,ABC,RS_pvalue,0.4064772314795363,1.0,0,20.0,1000,2,128,256,390,0.001,0.001,7,0,0.5,0.0001,200,1e-06,40.0,0,40.07902
0.0001,0.0005973460501991212,ABC,RS_pvalue,0.8017428718451428,1.0,0,20.0,1000,2,128,256,390,0.001,0.001,7,0,0.5,0.0001,200,1e-06,40.0,0,40.07902
0.0001,0.0005973460501991212,ABC,RS_pvalue,0.6567438095041779,1.0,0,20.0,1000,2,128,256,390,0.001,0.001,7,0,0.5,0.0001,200,1e-06,40.0,0,40.07902
0.0001,0.0005973460501991212,NRE,C2ST,1.0,1.0,0,20.0,1000,2,128,256,390,0.001,0.001,7,0,0.5,0.0001,200,1e-06,40.0,0,40.07902
0.0001,0.0005973460501991212,NRE,C2ST,1.0,1.0,0,20.0,1000,2,128,256,390,0.001,0.001,7,0,0.5,0.0001,200,1e-06,40.0,0,40.07902
0.0001,0.0005973460501991212,NRE,C2ST,1.0,1.0,0,20.0,1000,2,128,256,390,0.001,0.001,7,0,0.5,0.0001,200,1e-06,40.0,0,40.07902
0.0001,0.0005973460501991212,NRE,RS_stat,122.47142539179546,1.0,0,20.0,1000,2,128,256,390,0.001,0.001,7,0,0.5,0.0001,200,1e-06,40.0,0,40.07902
0.0001,0.0005973460501991212,NRE,RS_stat,122.47142539179546,1.0,0,20.0,1000,2,128,256,390,0.001,0.001,7,0,0.5,0.0001,200,1e-06,40.0,0,40.07902
0.0001,0.0005973460501991212,NRE,RS_stat,122.47142539179546,1.0,0,20.0,1000,2,128,256,390,0.001,0.001,7,0,0.5,0.0001,200,1e-06,40.0,0,40.07902
0.0001,0.0005973460501991212,NRE,RS_pvalue,0.0,1.0,0,20.0,1000,2,128,256,390,0.001,0.001,7,0,0.5,0.0001,200,1e-06,40.0,0,40.07902
0.0001,0.0005973460501991212,NRE,RS_pvalue,0.0,1.0,0,20.0,1000,2,128,256,390,0.001,0.001,7,0,0.5,0.0001,200,1e-06,40.0,0,40.07902
0.0001,0.0005973460501991212,NRE,RS_pvalue,0.0,1.0,0,20.0,1000,2,128,256,390,0.001,0.001,7,0,0.5,0.0001,200,1e-06,40.0,0,40.07902
0.0001,0.0005973460501991212,CORRECTED_NRE,C2ST,0.5001999735832214,1.0,0,20.0,1000,2,128,256,390,0.001,0.001,7,0,0.5,0.0001,200,1e-06,40.0,0,40.07902
0.0001,0.0005973460501991212,CORRECTED_NRE,C2ST,0.5005000233650208,1.0,0,20.0,1000,2,128,256,390,0.001,0.001,7,0,0.5,0.0001,200,1e-06,40.0,0,40.07902
0.0001,0.0005973460501991212,CORRECTED_NRE,C2ST,0.5009999871253967,1.0,0,20.0,1000,2,128,256,390,0.001,0.001,7,0,0.5,0.0001,200,1e-06,40.0,0,40.07902
0.0001,0.0005973460501991212,CORRECTED_NRE,RS_stat,0.457089078561513,1.0,0,20.0,1000,2,128,256,390,0.001,0.001,7,0,0.5,0.0001,200,1e-06,40.0,0,40.07902
0.0001,0.0005973460501991212,CORRECTED_NRE,RS_stat,-1.3462059079066158,1.0,0,20.0,1000,2,128,256,390,0.001,0.001,7,0,0.5,0.0001,200,1e-06,40.0,0,40.07902
0.0001,0.0005973460501991212,CORRECTED_NRE,RS_stat,0.07476880520169113,1.0,0,20.0,1000,2,128,256,390,0.001,0.001,7,0,0.5,0.0001,200,1e-06,40.0,0,40.07902
0.0001,0.0005973460501991212,CORRECTED_NRE,RS_pvalue,0.6476070199362031,1.0,0,20.0,1000,2,128,256,390,0.001,0.001,7,0,0.5,0.0001,200,1e-06,40.0,0,40.07902
0.0001,0.0005973460501991212,CORRECTED_NRE,RS_pvalue,0.17823612029881686,1.0,0,20.0,1000,2,128,256,390,0.001,0.001,7,0,0.5,0.0001,200,1e-06,40.0,0,40.07902
0.0001,0.0005973460501991212,CORRECTED_NRE,RS_pvalue,0.9403986621636228,1.0,0,20.0,1000,2,128,256,390,0.001,0.001,7,0,0.5,0.0001,200,1e-06,40.0,0,40.07902
0.0001,0.0005973460501991212,ALL,TIME_SIMULATION,394.45028924942017,1.0,0,20.0,1000,2,128,256,390,0.001,0.001,7,0,0.5,0.0001,200,1e-06,40.0,0,40.07902
0.0001,0.0005973460501991212,ALL,TIME_TRAINING,50.943869829177856,1.0,0,20.0,1000,2,128,256,390,0.001,0.001,7,0,0.5,0.0001,200,1e-06,40.0,0,40.07902
0.0001,0.0005973460501991212,ALL,TIME_EVAL,18.181806802749634,1.0,0,20.0,1000,2,128,256,390,0.001,0.001,7,0,0.5,0.0001,200,1e-06,40.0,0,40.07902
0.0001,0.0005973460501991212,ALL,NN_TRAIN_ACCURACY,"[0.49988732, 0.49753356, 0.5014523, 0.49748346, 0.5007387, 0.5029297, 0.49709535, 0.5013396, 0.49808443, 0.49727064, 0.49863532, 0.5016276, 0.5023162, 0.4991111, 0.49967447, 0.49825972, 0.5022661, 0.49966195, 0.5016777, 0.4994992, 0.5016151, 0.50214094, 0.4992488, 0.4970703, 0.50321764, 0.5021284, 0.4999374, 0.49913612, 0.5046324, 0.5023788, 0.50155246, 0.49734575, 0.4993615, 0.50040066, 0.5024289, 0.49775892, 0.5016652, 0.4953676, 0.4973082, 0.49852264, 0.49784654, 0.49927384, 0.50047576, 0.5000626, 0.49891075, 0.49978715, 0.4989984, 0.50103915, 0.4998122, 0.49909857, 0.5022035, 0.500338, 0.49839744, 0.5020032, 0.5014523, 0.4994491, 0.49977463, 0.50265425, 0.4986103, 0.50113934, 0.4981095, 0.4976963, 0.49926132, 0.49979967, 0.5010016, 0.49839744, 0.50138974, 0.49852264, 0.5007011, 0.4994992, 0.50289214, 0.5004132, 0.5002629, 0.5003756, 0.50088894]",1.0,0,20.0,1000,2,128,256,390,0.001,0.001,7,0,0.5,0.0001,200,1e-06,40.0,0,40.07902
0.0001,0.0005973460501991212,ALL,NN_TEST_ACCURACY,"[0.5005008, 0.5002504, 0.49969953, 0.50065106, 0.50030047, 0.49959937, 0.50030047, 0.49964944, 0.49954927, 0.50020033, 0.4997496, 0.49539262, 0.49994993, 0.50035053, 0.49964944, 0.50020033, 0.49939904, 0.4997496, 0.50040066, 0.49959937, 0.50030047, 0.49954927, 0.49959937, 0.50040066, 0.5002504, 0.49979967, 0.50055087, 0.50035053, 0.50015026, 0.49969953, 0.50045073, 0.49964944, 0.50030047, 0.49959937, 0.49964944, 0.49964944, 0.49959937, 0.4994491, 0.50035053, 0.49954927, 0.50040066, 0.49989983, 0.50035053, 0.50020033, 0.49959937, 0.4994992, 0.50055087, 0.49994993, 0.49969953, 0.4994992, 0.4997496, 0.49984977, 0.49959937, 0.50040066, 0.49934897, 0.4989483, 0.50005007, 0.50045073, 0.50040066, 0.4957432, 0.50020033, 0.5005008, 0.49679488, 0.49649438, 0.5005008, 0.49954927, 0.50045073, 0.49969953, 0.50035053, 0.50030047, 0.4939403, 0.49954927, 0.50010014, 0.49969953, 0.50090146]",1.0,0,20.0,1000,2,128,256,390,0.001,0.001,7,0,0.5,0.0001,200,1e-06,40.0,0,40.07902
