alpha,epsilon,method,metric,metric_value,sigma,mu0,sigma0,N_EPOCH,NUM_LAYERS,HIDDEN_SIZE,BATCH_SIZE,NUM_BATCH,LEARNING_RATE,WDECAY,PATIENCE,COOLDOWN,FACTOR,RTOL,ACCUMULATION_SIZE,LEARNING_RATE_MIN,true_theta_1,index_marginal,xobs_1,xobs_2,xobs_3,xobs_4,xobs_5
1.0,inf,ABC,C2ST,0.9953500032424927,1.0,0.0,20.0,100,7,256,256,1024,0.001,0.001,7,0,0.5,0.0001,200,1e-06,40.0,0,38.541805,37.952957,42.04734,41.16841,39.024162
1.0,inf,ABC,RS_stat,115.46449712399676,1.0,0.0,20.0,100,7,256,256,1024,0.001,0.001,7,0,0.5,0.0001,200,1e-06,40.0,0,38.541805,37.952957,42.04734,41.16841,39.024162
1.0,inf,ABC,RS_pvalue,0.0,1.0,0.0,20.0,100,7,256,256,1024,0.001,0.001,7,0,0.5,0.0001,200,1e-06,40.0,0,38.541805,37.952957,42.04734,41.16841,39.024162
1.0,inf,NRE,C2ST,0.5239499807357788,1.0,0.0,20.0,100,7,256,256,1024,0.001,0.001,7,0,0.5,0.0001,200,1e-06,40.0,0,38.541805,37.952957,42.04734,41.16841,39.024162
1.0,inf,NRE,RS_stat,6.564839489419175,1.0,0.0,20.0,100,7,256,256,1024,0.001,0.001,7,0,0.5,0.0001,200,1e-06,40.0,0,38.541805,37.952957,42.04734,41.16841,39.024162
1.0,inf,NRE,RS_pvalue,5.208894059770088e-11,1.0,0.0,20.0,100,7,256,256,1024,0.001,0.001,7,0,0.5,0.0001,200,1e-06,40.0,0,38.541805,37.952957,42.04734,41.16841,39.024162
1.0,inf,CORRECTED_NRE,C2ST,0.5209500193595886,1.0,0.0,20.0,100,7,256,256,1024,0.001,0.001,7,0,0.5,0.0001,200,1e-06,40.0,0,38.541805,37.952957,42.04734,41.16841,39.024162
1.0,inf,CORRECTED_NRE,RS_stat,5.672992772002089,1.0,0.0,20.0,100,7,256,256,1024,0.001,0.001,7,0,0.5,0.0001,200,1e-06,40.0,0,38.541805,37.952957,42.04734,41.16841,39.024162
1.0,inf,CORRECTED_NRE,RS_pvalue,1.4032415265940201e-08,1.0,0.0,20.0,100,7,256,256,1024,0.001,0.001,7,0,0.5,0.0001,200,1e-06,40.0,0,38.541805,37.952957,42.04734,41.16841,39.024162
1.0,inf,ALL,TIME_SIMULATION,1.9255778789520264,1.0,0.0,20.0,100,7,256,256,1024,0.001,0.001,7,0,0.5,0.0001,200,1e-06,40.0,0,38.541805,37.952957,42.04734,41.16841,39.024162
1.0,inf,ALL,TIME_TRAINING,245.30616903305054,1.0,0.0,20.0,100,7,256,256,1024,0.001,0.001,7,0,0.5,0.0001,200,1e-06,40.0,0,38.541805,37.952957,42.04734,41.16841,39.024162
1.0,inf,ALL,TIME_EVAL,8.101901054382324,1.0,0.0,20.0,100,7,256,256,1024,0.001,0.001,7,0,0.5,0.0001,200,1e-06,40.0,0,38.541805,37.952957,42.04734,41.16841,39.024162
1.0,inf,ALL,NN_TRAIN_ACCURACY,0.9797592163085938,1.0,0.0,20.0,100,7,256,256,1024,0.001,0.001,7,0,0.5,0.0001,200,1e-06,40.0,0,38.541805,37.952957,42.04734,41.16841,39.024162
1.0,inf,ALL,NN_TEST_ACCURACY,0.9795265197753906,1.0,0.0,20.0,100,7,256,256,1024,0.001,0.001,7,0,0.5,0.0001,200,1e-06,40.0,0,38.541805,37.952957,42.04734,41.16841,39.024162
0.99,7436.635,ABC,C2ST,0.9955499768257141,1.0,0.0,20.0,100,7,256,256,1024,0.001,0.001,7,0,0.5,0.0001,200,1e-06,40.0,0,38.541805,37.952957,42.04734,41.16841,39.024162
0.99,7436.635,ABC,RS_stat,116.8419038522362,1.0,0.0,20.0,100,7,256,256,1024,0.001,0.001,7,0,0.5,0.0001,200,1e-06,40.0,0,38.541805,37.952957,42.04734,41.16841,39.024162
0.99,7436.635,ABC,RS_pvalue,0.0,1.0,0.0,20.0,100,7,256,256,1024,0.001,0.001,7,0,0.5,0.0001,200,1e-06,40.0,0,38.541805,37.952957,42.04734,41.16841,39.024162
0.99,7436.635,NRE,C2ST,0.5262500047683716,1.0,0.0,20.0,100,7,256,256,1024,0.001,0.001,7,0,0.5,0.0001,200,1e-06,40.0,0,38.541805,37.952957,42.04734,41.16841,39.024162
0.99,7436.635,NRE,RS_stat,-7.333139482329525,1.0,0.0,20.0,100,7,256,256,1024,0.001,0.001,7,0,0.5,0.0001,200,1e-06,40.0,0,38.541805,37.952957,42.04734,41.16841,39.024162
0.99,7436.635,NRE,RS_pvalue,2.248227282731817e-13,1.0,0.0,20.0,100,7,256,256,1024,0.001,0.001,7,0,0.5,0.0001,200,1e-06,40.0,0,38.541805,37.952957,42.04734,41.16841,39.024162
0.99,7436.635,CORRECTED_NRE,C2ST,0.5274999737739563,1.0,0.0,20.0,100,7,256,256,1024,0.001,0.001,7,0,0.5,0.0001,200,1e-06,40.0,0,38.541805,37.952957,42.04734,41.16841,39.024162
0.99,7436.635,CORRECTED_NRE,RS_stat,-7.434119621993568,1.0,0.0,20.0,100,7,256,256,1024,0.001,0.001,7,0,0.5,0.0001,200,1e-06,40.0,0,38.541805,37.952957,42.04734,41.16841,39.024162
0.99,7436.635,CORRECTED_NRE,RS_pvalue,1.0526667783088765e-13,1.0,0.0,20.0,100,7,256,256,1024,0.001,0.001,7,0,0.5,0.0001,200,1e-06,40.0,0,38.541805,37.952957,42.04734,41.16841,39.024162
0.99,7436.635,ALL,TIME_SIMULATION,1.109724998474121,1.0,0.0,20.0,100,7,256,256,1024,0.001,0.001,7,0,0.5,0.0001,200,1e-06,40.0,0,38.541805,37.952957,42.04734,41.16841,39.024162
0.99,7436.635,ALL,TIME_TRAINING,235.82674193382263,1.0,0.0,20.0,100,7,256,256,1024,0.001,0.001,7,0,0.5,0.0001,200,1e-06,40.0,0,38.541805,37.952957,42.04734,41.16841,39.024162
0.99,7436.635,ALL,TIME_EVAL,8.84332799911499,1.0,0.0,20.0,100,7,256,256,1024,0.001,0.001,7,0,0.5,0.0001,200,1e-06,40.0,0,38.541805,37.952957,42.04734,41.16841,39.024162
0.99,7436.635,ALL,NN_TRAIN_ACCURACY,0.97906494140625,1.0,0.0,20.0,100,7,256,256,1024,0.001,0.001,7,0,0.5,0.0001,200,1e-06,40.0,0,38.541805,37.952957,42.04734,41.16841,39.024162
0.99,7436.635,ALL,NN_TEST_ACCURACY,0.9795608520507812,1.0,0.0,20.0,100,7,256,256,1024,0.001,0.001,7,0,0.5,0.0001,200,1e-06,40.0,0,38.541805,37.952957,42.04734,41.16841,39.024162
0.9,4276.669,ABC,C2ST,0.9950000047683716,1.0,0.0,20.0,100,7,256,256,1024,0.001,0.001,7,0,0.5,0.0001,200,1e-06,40.0,0,38.541805,37.952957,42.04734,41.16841,39.024162
0.9,4276.669,ABC,RS_stat,115.38602478289123,1.0,0.0,20.0,100,7,256,256,1024,0.001,0.001,7,0,0.5,0.0001,200,1e-06,40.0,0,38.541805,37.952957,42.04734,41.16841,39.024162
0.9,4276.669,ABC,RS_pvalue,0.0,1.0,0.0,20.0,100,7,256,256,1024,0.001,0.001,7,0,0.5,0.0001,200,1e-06,40.0,0,38.541805,37.952957,42.04734,41.16841,39.024162
0.9,4276.669,NRE,C2ST,0.5349000096321106,1.0,0.0,20.0,100,7,256,256,1024,0.001,0.001,7,0,0.5,0.0001,200,1e-06,40.0,0,38.541805,37.952957,42.04734,41.16841,39.024162
0.9,4276.669,NRE,RS_stat,-8.219139413898407,1.0,0.0,20.0,100,7,256,256,1024,0.001,0.001,7,0,0.5,0.0001,200,1e-06,40.0,0,38.541805,37.952957,42.04734,41.16841,39.024162
0.9,4276.669,NRE,RS_pvalue,2.04968660306211e-16,1.0,0.0,20.0,100,7,256,256,1024,0.001,0.001,7,0,0.5,0.0001,200,1e-06,40.0,0,38.541805,37.952957,42.04734,41.16841,39.024162
0.9,4276.669,CORRECTED_NRE,C2ST,0.5306000113487244,1.0,0.0,20.0,100,7,256,256,1024,0.001,0.001,7,0,0.5,0.0001,200,1e-06,40.0,0,38.541805,37.952957,42.04734,41.16841,39.024162
0.9,4276.669,CORRECTED_NRE,RS_stat,-7.148246820844039,1.0,0.0,20.0,100,7,256,256,1024,0.001,0.001,7,0,0.5,0.0001,200,1e-06,40.0,0,38.541805,37.952957,42.04734,41.16841,39.024162
0.9,4276.669,CORRECTED_NRE,RS_pvalue,8.789317343360909e-13,1.0,0.0,20.0,100,7,256,256,1024,0.001,0.001,7,0,0.5,0.0001,200,1e-06,40.0,0,38.541805,37.952957,42.04734,41.16841,39.024162
0.9,4276.669,ALL,TIME_SIMULATION,0.6357169151306152,1.0,0.0,20.0,100,7,256,256,1024,0.001,0.001,7,0,0.5,0.0001,200,1e-06,40.0,0,38.541805,37.952957,42.04734,41.16841,39.024162
0.9,4276.669,ALL,TIME_TRAINING,244.59030079841614,1.0,0.0,20.0,100,7,256,256,1024,0.001,0.001,7,0,0.5,0.0001,200,1e-06,40.0,0,38.541805,37.952957,42.04734,41.16841,39.024162
0.9,4276.669,ALL,TIME_EVAL,7.56214714050293,1.0,0.0,20.0,100,7,256,256,1024,0.001,0.001,7,0,0.5,0.0001,200,1e-06,40.0,0,38.541805,37.952957,42.04734,41.16841,39.024162
0.9,4276.669,ALL,NN_TRAIN_ACCURACY,0.9765205383300781,1.0,0.0,20.0,100,7,256,256,1024,0.001,0.001,7,0,0.5,0.0001,200,1e-06,40.0,0,38.541805,37.952957,42.04734,41.16841,39.024162
0.9,4276.669,ALL,NN_TEST_ACCURACY,0.9760093688964844,1.0,0.0,20.0,100,7,256,256,1024,0.001,0.001,7,0,0.5,0.0001,200,1e-06,40.0,0,38.541805,37.952957,42.04734,41.16841,39.024162
0.75,2836.507,ABC,C2ST,0.9934499859809875,1.0,0.0,20.0,100,7,256,256,1024,0.001,0.001,7,0,0.5,0.0001,200,1e-06,40.0,0,38.541805,37.952957,42.04734,41.16841,39.024162
0.75,2836.507,ABC,RS_stat,115.10106194443236,1.0,0.0,20.0,100,7,256,256,1024,0.001,0.001,7,0,0.5,0.0001,200,1e-06,40.0,0,38.541805,37.952957,42.04734,41.16841,39.024162
0.75,2836.507,ABC,RS_pvalue,0.0,1.0,0.0,20.0,100,7,256,256,1024,0.001,0.001,7,0,0.5,0.0001,200,1e-06,40.0,0,38.541805,37.952957,42.04734,41.16841,39.024162
0.75,2836.507,NRE,C2ST,0.5129500031471252,1.0,0.0,20.0,100,7,256,256,1024,0.001,0.001,7,0,0.5,0.0001,200,1e-06,40.0,0,38.541805,37.952957,42.04734,41.16841,39.024162
0.75,2836.507,NRE,RS_stat,4.136190708329491,1.0,0.0,20.0,100,7,256,256,1024,0.001,0.001,7,0,0.5,0.0001,200,1e-06,40.0,0,38.541805,37.952957,42.04734,41.16841,39.024162
0.75,2836.507,NRE,RS_pvalue,3.531187555401381e-05,1.0,0.0,20.0,100,7,256,256,1024,0.001,0.001,7,0,0.5,0.0001,200,1e-06,40.0,0,38.541805,37.952957,42.04734,41.16841,39.024162
0.75,2836.507,CORRECTED_NRE,C2ST,0.5084499716758728,1.0,0.0,20.0,100,7,256,256,1024,0.001,0.001,7,0,0.5,0.0001,200,1e-06,40.0,0,38.541805,37.952957,42.04734,41.16841,39.024162
0.75,2836.507,CORRECTED_NRE,RS_stat,3.1837316577717516,1.0,0.0,20.0,100,7,256,256,1024,0.001,0.001,7,0,0.5,0.0001,200,1e-06,40.0,0,38.541805,37.952957,42.04734,41.16841,39.024162
0.75,2836.507,CORRECTED_NRE,RS_pvalue,0.0014538972465470842,1.0,0.0,20.0,100,7,256,256,1024,0.001,0.001,7,0,0.5,0.0001,200,1e-06,40.0,0,38.541805,37.952957,42.04734,41.16841,39.024162
0.75,2836.507,ALL,TIME_SIMULATION,0.6469697952270508,1.0,0.0,20.0,100,7,256,256,1024,0.001,0.001,7,0,0.5,0.0001,200,1e-06,40.0,0,38.541805,37.952957,42.04734,41.16841,39.024162
0.75,2836.507,ALL,TIME_TRAINING,212.4310200214386,1.0,0.0,20.0,100,7,256,256,1024,0.001,0.001,7,0,0.5,0.0001,200,1e-06,40.0,0,38.541805,37.952957,42.04734,41.16841,39.024162
0.75,2836.507,ALL,TIME_EVAL,7.137663125991821,1.0,0.0,20.0,100,7,256,256,1024,0.001,0.001,7,0,0.5,0.0001,200,1e-06,40.0,0,38.541805,37.952957,42.04734,41.16841,39.024162
0.75,2836.507,ALL,NN_TRAIN_ACCURACY,0.9722480773925781,1.0,0.0,20.0,100,7,256,256,1024,0.001,0.001,7,0,0.5,0.0001,200,1e-06,40.0,0,38.541805,37.952957,42.04734,41.16841,39.024162
0.75,2836.507,ALL,NN_TEST_ACCURACY,0.9718246459960938,1.0,0.0,20.0,100,7,256,256,1024,0.001,0.001,7,0,0.5,0.0001,200,1e-06,40.0,0,38.541805,37.952957,42.04734,41.16841,39.024162
0.5,1579.4377,ABC,C2ST,0.9908000230789185,1.0,0.0,20.0,100,7,256,256,1024,0.001,0.001,7,0,0.5,0.0001,200,1e-06,40.0,0,38.541805,37.952957,42.04734,41.16841,39.024162
0.5,1579.4377,ABC,RS_stat,111.60831895911181,1.0,0.0,20.0,100,7,256,256,1024,0.001,0.001,7,0,0.5,0.0001,200,1e-06,40.0,0,38.541805,37.952957,42.04734,41.16841,39.024162
0.5,1579.4377,ABC,RS_pvalue,0.0,1.0,0.0,20.0,100,7,256,256,1024,0.001,0.001,7,0,0.5,0.0001,200,1e-06,40.0,0,38.541805,37.952957,42.04734,41.16841,39.024162
0.5,1579.4377,NRE,C2ST,0.5212500095367432,1.0,0.0,20.0,100,7,256,256,1024,0.001,0.001,7,0,0.5,0.0001,200,1e-06,40.0,0,38.541805,37.952957,42.04734,41.16841,39.024162
0.5,1579.4377,NRE,RS_stat,-6.527445289104297,1.0,0.0,20.0,100,7,256,256,1024,0.001,0.001,7,0,0.5,0.0001,200,1e-06,40.0,0,38.541805,37.952957,42.04734,41.16841,39.024162
0.5,1579.4377,NRE,RS_pvalue,6.69009322725276e-11,1.0,0.0,20.0,100,7,256,256,1024,0.001,0.001,7,0,0.5,0.0001,200,1e-06,40.0,0,38.541805,37.952957,42.04734,41.16841,39.024162
0.5,1579.4377,CORRECTED_NRE,C2ST,0.511900007724762,1.0,0.0,20.0,100,7,256,256,1024,0.001,0.001,7,0,0.5,0.0001,200,1e-06,40.0,0,38.541805,37.952957,42.04734,41.16841,39.024162
0.5,1579.4377,CORRECTED_NRE,RS_stat,-4.107616900071331,1.0,0.0,20.0,100,7,256,256,1024,0.001,0.001,7,0,0.5,0.0001,200,1e-06,40.0,0,38.541805,37.952957,42.04734,41.16841,39.024162
0.5,1579.4377,CORRECTED_NRE,RS_pvalue,3.9976245815658225e-05,1.0,0.0,20.0,100,7,256,256,1024,0.001,0.001,7,0,0.5,0.0001,200,1e-06,40.0,0,38.541805,37.952957,42.04734,41.16841,39.024162
0.5,1579.4377,ALL,TIME_SIMULATION,0.6851711273193359,1.0,0.0,20.0,100,7,256,256,1024,0.001,0.001,7,0,0.5,0.0001,200,1e-06,40.0,0,38.541805,37.952957,42.04734,41.16841,39.024162
0.5,1579.4377,ALL,TIME_TRAINING,224.88661813735962,1.0,0.0,20.0,100,7,256,256,1024,0.001,0.001,7,0,0.5,0.0001,200,1e-06,40.0,0,38.541805,37.952957,42.04734,41.16841,39.024162
0.5,1579.4377,ALL,TIME_EVAL,7.447979211807251,1.0,0.0,20.0,100,7,256,256,1024,0.001,0.001,7,0,0.5,0.0001,200,1e-06,40.0,0,38.541805,37.952957,42.04734,41.16841,39.024162
0.5,1579.4377,ALL,NN_TRAIN_ACCURACY,0.9633598327636719,1.0,0.0,20.0,100,7,256,256,1024,0.001,0.001,7,0,0.5,0.0001,200,1e-06,40.0,0,38.541805,37.952957,42.04734,41.16841,39.024162
0.5,1579.4377,ALL,NN_TEST_ACCURACY,0.9629783630371094,1.0,0.0,20.0,100,7,256,256,1024,0.001,0.001,7,0,0.5,0.0001,200,1e-06,40.0,0,38.541805,37.952957,42.04734,41.16841,39.024162
0.25,690.6506,ABC,C2ST,0.9843500256538391,1.0,0.0,20.0,100,7,256,256,1024,0.001,0.001,7,0,0.5,0.0001,200,1e-06,40.0,0,38.541805,37.952957,42.04734,41.16841,39.024162
0.25,690.6506,ABC,RS_stat,99.58843684631779,1.0,0.0,20.0,100,7,256,256,1024,0.001,0.001,7,0,0.5,0.0001,200,1e-06,40.0,0,38.541805,37.952957,42.04734,41.16841,39.024162
0.25,690.6506,ABC,RS_pvalue,0.0,1.0,0.0,20.0,100,7,256,256,1024,0.001,0.001,7,0,0.5,0.0001,200,1e-06,40.0,0,38.541805,37.952957,42.04734,41.16841,39.024162
0.25,690.6506,NRE,C2ST,0.5191500186920166,1.0,0.0,20.0,100,7,256,256,1024,0.001,0.001,7,0,0.5,0.0001,200,1e-06,40.0,0,38.541805,37.952957,42.04734,41.16841,39.024162
0.25,690.6506,NRE,RS_stat,-6.4447035941096,1.0,0.0,20.0,100,7,256,256,1024,0.001,0.001,7,0,0.5,0.0001,200,1e-06,40.0,0,38.541805,37.952957,42.04734,41.16841,39.024162
0.25,690.6506,NRE,RS_pvalue,1.1582655499049656e-10,1.0,0.0,20.0,100,7,256,256,1024,0.001,0.001,7,0,0.5,0.0001,200,1e-06,40.0,0,38.541805,37.952957,42.04734,41.16841,39.024162
0.25,690.6506,CORRECTED_NRE,C2ST,0.508400022983551,1.0,0.0,20.0,100,7,256,256,1024,0.001,0.001,7,0,0.5,0.0001,200,1e-06,40.0,0,38.541805,37.952957,42.04734,41.16841,39.024162
0.25,690.6506,CORRECTED_NRE,RS_stat,-4.753485883160265,1.0,0.0,20.0,100,7,256,256,1024,0.001,0.001,7,0,0.5,0.0001,200,1e-06,40.0,0,38.541805,37.952957,42.04734,41.16841,39.024162
0.25,690.6506,CORRECTED_NRE,RS_pvalue,1.9993907085549866e-06,1.0,0.0,20.0,100,7,256,256,1024,0.001,0.001,7,0,0.5,0.0001,200,1e-06,40.0,0,38.541805,37.952957,42.04734,41.16841,39.024162
0.25,690.6506,ALL,TIME_SIMULATION,0.5961811542510986,1.0,0.0,20.0,100,7,256,256,1024,0.001,0.001,7,0,0.5,0.0001,200,1e-06,40.0,0,38.541805,37.952957,42.04734,41.16841,39.024162
0.25,690.6506,ALL,TIME_TRAINING,215.28737688064575,1.0,0.0,20.0,100,7,256,256,1024,0.001,0.001,7,0,0.5,0.0001,200,1e-06,40.0,0,38.541805,37.952957,42.04734,41.16841,39.024162
0.25,690.6506,ALL,TIME_EVAL,7.317981243133545,1.0,0.0,20.0,100,7,256,256,1024,0.001,0.001,7,0,0.5,0.0001,200,1e-06,40.0,0,38.541805,37.952957,42.04734,41.16841,39.024162
0.25,690.6506,ALL,NN_TRAIN_ACCURACY,0.9538459777832031,1.0,0.0,20.0,100,7,256,256,1024,0.001,0.001,7,0,0.5,0.0001,200,1e-06,40.0,0,38.541805,37.952957,42.04734,41.16841,39.024162
0.25,690.6506,ALL,NN_TEST_ACCURACY,0.9528236389160156,1.0,0.0,20.0,100,7,256,256,1024,0.001,0.001,7,0,0.5,0.0001,200,1e-06,40.0,0,38.541805,37.952957,42.04734,41.16841,39.024162
0.1,210.05894,ABC,C2ST,0.962149977684021,1.0,0.0,20.0,100,7,256,256,1024,0.001,0.001,7,0,0.5,0.0001,200,1e-06,40.0,0,38.541805,37.952957,42.04734,41.16841,39.024162
0.1,210.05894,ABC,RS_stat,73.73709611647662,1.0,0.0,20.0,100,7,256,256,1024,0.001,0.001,7,0,0.5,0.0001,200,1e-06,40.0,0,38.541805,37.952957,42.04734,41.16841,39.024162
0.1,210.05894,ABC,RS_pvalue,0.0,1.0,0.0,20.0,100,7,256,256,1024,0.001,0.001,7,0,0.5,0.0001,200,1e-06,40.0,0,38.541805,37.952957,42.04734,41.16841,39.024162
0.1,210.05894,NRE,C2ST,0.5010499954223633,1.0,0.0,20.0,100,7,256,256,1024,0.001,0.001,7,0,0.5,0.0001,200,1e-06,40.0,0,38.541805,37.952957,42.04734,41.16841,39.024162
0.1,210.05894,NRE,RS_stat,-1.2432233604374168,1.0,0.0,20.0,100,7,256,256,1024,0.001,0.001,7,0,0.5,0.0001,200,1e-06,40.0,0,38.541805,37.952957,42.04734,41.16841,39.024162
0.1,210.05894,NRE,RS_pvalue,0.21378553667652123,1.0,0.0,20.0,100,7,256,256,1024,0.001,0.001,7,0,0.5,0.0001,200,1e-06,40.0,0,38.541805,37.952957,42.04734,41.16841,39.024162
0.1,210.05894,CORRECTED_NRE,C2ST,0.5052499771118164,1.0,0.0,20.0,100,7,256,256,1024,0.001,0.001,7,0,0.5,0.0001,200,1e-06,40.0,0,38.541805,37.952957,42.04734,41.16841,39.024162
0.1,210.05894,CORRECTED_NRE,RS_stat,-1.213052524792148,1.0,0.0,20.0,100,7,256,256,1024,0.001,0.001,7,0,0.5,0.0001,200,1e-06,40.0,0,38.541805,37.952957,42.04734,41.16841,39.024162
0.1,210.05894,CORRECTED_NRE,RS_pvalue,0.2251097394429723,1.0,0.0,20.0,100,7,256,256,1024,0.001,0.001,7,0,0.5,0.0001,200,1e-06,40.0,0,38.541805,37.952957,42.04734,41.16841,39.024162
0.1,210.05894,ALL,TIME_SIMULATION,0.7157618999481201,1.0,0.0,20.0,100,7,256,256,1024,0.001,0.001,7,0,0.5,0.0001,200,1e-06,40.0,0,38.541805,37.952957,42.04734,41.16841,39.024162
0.1,210.05894,ALL,TIME_TRAINING,205.97215795516968,1.0,0.0,20.0,100,7,256,256,1024,0.001,0.001,7,0,0.5,0.0001,200,1e-06,40.0,0,38.541805,37.952957,42.04734,41.16841,39.024162
0.1,210.05894,ALL,TIME_EVAL,6.624601125717163,1.0,0.0,20.0,100,7,256,256,1024,0.001,0.001,7,0,0.5,0.0001,200,1e-06,40.0,0,38.541805,37.952957,42.04734,41.16841,39.024162
0.1,210.05894,ALL,NN_TRAIN_ACCURACY,0.9395484924316406,1.0,0.0,20.0,100,7,256,256,1024,0.001,0.001,7,0,0.5,0.0001,200,1e-06,40.0,0,38.541805,37.952957,42.04734,41.16841,39.024162
0.1,210.05894,ALL,NN_TEST_ACCURACY,0.9391212463378906,1.0,0.0,20.0,100,7,256,256,1024,0.001,0.001,7,0,0.5,0.0001,200,1e-06,40.0,0,38.541805,37.952957,42.04734,41.16841,39.024162
0.05,70.14465,ABC,C2ST,0.9308000206947327,1.0,0.0,20.0,100,7,256,256,1024,0.001,0.001,7,0,0.5,0.0001,200,1e-06,40.0,0,38.541805,37.952957,42.04734,41.16841,39.024162
0.05,70.14465,ABC,RS_stat,44.21375465011169,1.0,0.0,20.0,100,7,256,256,1024,0.001,0.001,7,0,0.5,0.0001,200,1e-06,40.0,0,38.541805,37.952957,42.04734,41.16841,39.024162
0.05,70.14465,ABC,RS_pvalue,0.0,1.0,0.0,20.0,100,7,256,256,1024,0.001,0.001,7,0,0.5,0.0001,200,1e-06,40.0,0,38.541805,37.952957,42.04734,41.16841,39.024162
0.05,70.14465,NRE,C2ST,0.5109000205993652,1.0,0.0,20.0,100,7,256,256,1024,0.001,0.001,7,0,0.5,0.0001,200,1e-06,40.0,0,38.541805,37.952957,42.04734,41.16841,39.024162
0.05,70.14465,NRE,RS_stat,-3.6208015571387215,1.0,0.0,20.0,100,7,256,256,1024,0.001,0.001,7,0,0.5,0.0001,200,1e-06,40.0,0,38.541805,37.952957,42.04734,41.16841,39.024162
0.05,70.14465,NRE,RS_pvalue,0.0002936917181301324,1.0,0.0,20.0,100,7,256,256,1024,0.001,0.001,7,0,0.5,0.0001,200,1e-06,40.0,0,38.541805,37.952957,42.04734,41.16841,39.024162
0.05,70.14465,CORRECTED_NRE,C2ST,0.5149999856948853,1.0,0.0,20.0,100,7,256,256,1024,0.001,0.001,7,0,0.5,0.0001,200,1e-06,40.0,0,38.541805,37.952957,42.04734,41.16841,39.024162
0.05,70.14465,CORRECTED_NRE,RS_stat,-4.962766279584019,1.0,0.0,20.0,100,7,256,256,1024,0.001,0.001,7,0,0.5,0.0001,200,1e-06,40.0,0,38.541805,37.952957,42.04734,41.16841,39.024162
0.05,70.14465,CORRECTED_NRE,RS_pvalue,6.949619147156786e-07,1.0,0.0,20.0,100,7,256,256,1024,0.001,0.001,7,0,0.5,0.0001,200,1e-06,40.0,0,38.541805,37.952957,42.04734,41.16841,39.024162
0.05,70.14465,ALL,TIME_SIMULATION,0.7022027969360352,1.0,0.0,20.0,100,7,256,256,1024,0.001,0.001,7,0,0.5,0.0001,200,1e-06,40.0,0,38.541805,37.952957,42.04734,41.16841,39.024162
0.05,70.14465,ALL,TIME_TRAINING,207.05703020095825,1.0,0.0,20.0,100,7,256,256,1024,0.001,0.001,7,0,0.5,0.0001,200,1e-06,40.0,0,38.541805,37.952957,42.04734,41.16841,39.024162
0.05,70.14465,ALL,TIME_EVAL,7.232022047042847,1.0,0.0,20.0,100,7,256,256,1024,0.001,0.001,7,0,0.5,0.0001,200,1e-06,40.0,0,38.541805,37.952957,42.04734,41.16841,39.024162
0.05,70.14465,ALL,NN_TRAIN_ACCURACY,0.9208908081054688,1.0,0.0,20.0,100,7,256,256,1024,0.001,0.001,7,0,0.5,0.0001,200,1e-06,40.0,0,38.541805,37.952957,42.04734,41.16841,39.024162
0.05,70.14465,ALL,NN_TEST_ACCURACY,0.9210472106933594,1.0,0.0,20.0,100,7,256,256,1024,0.001,0.001,7,0,0.5,0.0001,200,1e-06,40.0,0,38.541805,37.952957,42.04734,41.16841,39.024162
0.01,3.3594604,ABC,C2ST,0.7473499774932861,1.0,0.0,20.0,100,7,256,256,1024,0.001,0.001,7,0,0.5,0.0001,200,1e-06,40.0,0,38.541805,37.952957,42.04734,41.16841,39.024162
0.01,3.3594604,ABC,RS_stat,10.476324525296814,1.0,0.0,20.0,100,7,256,256,1024,0.001,0.001,7,0,0.5,0.0001,200,1e-06,40.0,0,38.541805,37.952957,42.04734,41.16841,39.024162
0.01,3.3594604,ABC,RS_pvalue,1.1097310906549204e-25,1.0,0.0,20.0,100,7,256,256,1024,0.001,0.001,7,0,0.5,0.0001,200,1e-06,40.0,0,38.541805,37.952957,42.04734,41.16841,39.024162
0.01,3.3594604,NRE,C2ST,0.5141000151634216,1.0,0.0,20.0,100,7,256,256,1024,0.001,0.001,7,0,0.5,0.0001,200,1e-06,40.0,0,38.541805,37.952957,42.04734,41.16841,39.024162
0.01,3.3594604,NRE,RS_stat,0.04305605431073962,1.0,0.0,20.0,100,7,256,256,1024,0.001,0.001,7,0,0.5,0.0001,200,1e-06,40.0,0,38.541805,37.952957,42.04734,41.16841,39.024162
0.01,3.3594604,NRE,RS_pvalue,0.9656568503688271,1.0,0.0,20.0,100,7,256,256,1024,0.001,0.001,7,0,0.5,0.0001,200,1e-06,40.0,0,38.541805,37.952957,42.04734,41.16841,39.024162
0.01,3.3594604,CORRECTED_NRE,C2ST,0.517300009727478,1.0,0.0,20.0,100,7,256,256,1024,0.001,0.001,7,0,0.5,0.0001,200,1e-06,40.0,0,38.541805,37.952957,42.04734,41.16841,39.024162
0.01,3.3594604,CORRECTED_NRE,RS_stat,-2.026139093254024,1.0,0.0,20.0,100,7,256,256,1024,0.001,0.001,7,0,0.5,0.0001,200,1e-06,40.0,0,38.541805,37.952957,42.04734,41.16841,39.024162
0.01,3.3594604,CORRECTED_NRE,RS_pvalue,0.04275053297027822,1.0,0.0,20.0,100,7,256,256,1024,0.001,0.001,7,0,0.5,0.0001,200,1e-06,40.0,0,38.541805,37.952957,42.04734,41.16841,39.024162
0.01,3.3594604,ALL,TIME_SIMULATION,0.7127468585968018,1.0,0.0,20.0,100,7,256,256,1024,0.001,0.001,7,0,0.5,0.0001,200,1e-06,40.0,0,38.541805,37.952957,42.04734,41.16841,39.024162
0.01,3.3594604,ALL,TIME_TRAINING,216.88886094093323,1.0,0.0,20.0,100,7,256,256,1024,0.001,0.001,7,0,0.5,0.0001,200,1e-06,40.0,0,38.541805,37.952957,42.04734,41.16841,39.024162
0.01,3.3594604,ALL,TIME_EVAL,8.038464069366455,1.0,0.0,20.0,100,7,256,256,1024,0.001,0.001,7,0,0.5,0.0001,200,1e-06,40.0,0,38.541805,37.952957,42.04734,41.16841,39.024162
0.01,3.3594604,ALL,NN_TRAIN_ACCURACY,0.7803878784179688,1.0,0.0,20.0,100,7,256,256,1024,0.001,0.001,7,0,0.5,0.0001,200,1e-06,40.0,0,38.541805,37.952957,42.04734,41.16841,39.024162
0.01,3.3594604,ALL,NN_TEST_ACCURACY,0.7800064086914062,1.0,0.0,20.0,100,7,256,256,1024,0.001,0.001,7,0,0.5,0.0001,200,1e-06,40.0,0,38.541805,37.952957,42.04734,41.16841,39.024162
0.005,0.8397964,ABC,C2ST,0.6212000250816345,1.0,0.0,20.0,100,7,256,256,1024,0.001,0.001,7,0,0.5,0.0001,200,1e-06,40.0,0,38.541805,37.952957,42.04734,41.16841,39.024162
0.005,0.8397964,ABC,RS_stat,2.888968655853032,1.0,0.0,20.0,100,7,256,256,1024,0.001,0.001,7,0,0.5,0.0001,200,1e-06,40.0,0,38.541805,37.952957,42.04734,41.16841,39.024162
0.005,0.8397964,ABC,RS_pvalue,0.003865075985061769,1.0,0.0,20.0,100,7,256,256,1024,0.001,0.001,7,0,0.5,0.0001,200,1e-06,40.0,0,38.541805,37.952957,42.04734,41.16841,39.024162
0.005,0.8397964,NRE,C2ST,0.5845500230789185,1.0,0.0,20.0,100,7,256,256,1024,0.001,0.001,7,0,0.5,0.0001,200,1e-06,40.0,0,38.541805,37.952957,42.04734,41.16841,39.024162
0.005,0.8397964,NRE,RS_stat,-14.52389735964131,1.0,0.0,20.0,100,7,256,256,1024,0.001,0.001,7,0,0.5,0.0001,200,1e-06,40.0,0,38.541805,37.952957,42.04734,41.16841,39.024162
0.005,0.8397964,NRE,RS_pvalue,8.550713896137449e-48,1.0,0.0,20.0,100,7,256,256,1024,0.001,0.001,7,0,0.5,0.0001,200,1e-06,40.0,0,38.541805,37.952957,42.04734,41.16841,39.024162
0.005,0.8397964,CORRECTED_NRE,C2ST,0.5119500160217285,1.0,0.0,20.0,100,7,256,256,1024,0.001,0.001,7,0,0.5,0.0001,200,1e-06,40.0,0,38.541805,37.952957,42.04734,41.16841,39.024162
0.005,0.8397964,CORRECTED_NRE,RS_stat,-4.447945395807068,1.0,0.0,20.0,100,7,256,256,1024,0.001,0.001,7,0,0.5,0.0001,200,1e-06,40.0,0,38.541805,37.952957,42.04734,41.16841,39.024162
0.005,0.8397964,CORRECTED_NRE,RS_pvalue,8.669556037952077e-06,1.0,0.0,20.0,100,7,256,256,1024,0.001,0.001,7,0,0.5,0.0001,200,1e-06,40.0,0,38.541805,37.952957,42.04734,41.16841,39.024162
0.005,0.8397964,ALL,TIME_SIMULATION,0.6133880615234375,1.0,0.0,20.0,100,7,256,256,1024,0.001,0.001,7,0,0.5,0.0001,200,1e-06,40.0,0,38.541805,37.952957,42.04734,41.16841,39.024162
0.005,0.8397964,ALL,TIME_TRAINING,297.58973383903503,1.0,0.0,20.0,100,7,256,256,1024,0.001,0.001,7,0,0.5,0.0001,200,1e-06,40.0,0,38.541805,37.952957,42.04734,41.16841,39.024162
0.005,0.8397964,ALL,TIME_EVAL,7.163898706436157,1.0,0.0,20.0,100,7,256,256,1024,0.001,0.001,7,0,0.5,0.0001,200,1e-06,40.0,0,38.541805,37.952957,42.04734,41.16841,39.024162
0.005,0.8397964,ALL,NN_TRAIN_ACCURACY,0.6841926574707031,1.0,0.0,20.0,100,7,256,256,1024,0.001,0.001,7,0,0.5,0.0001,200,1e-06,40.0,0,38.541805,37.952957,42.04734,41.16841,39.024162
0.005,0.8397964,ALL,NN_TEST_ACCURACY,0.6841087341308594,1.0,0.0,20.0,100,7,256,256,1024,0.001,0.001,7,0,0.5,0.0001,200,1e-06,40.0,0,38.541805,37.952957,42.04734,41.16841,39.024162
0.001,0.035730872,ABC,C2ST,0.5045499801635742,1.0,0.0,20.0,100,7,256,256,1024,0.001,0.001,7,0,0.5,0.0001,200,1e-06,40.0,0,38.541805,37.952957,42.04734,41.16841,39.024162
0.001,0.035730872,ABC,RS_stat,-3.582180193141419,1.0,0.0,20.0,100,7,256,256,1024,0.001,0.001,7,0,0.5,0.0001,200,1e-06,40.0,0,38.541805,37.952957,42.04734,41.16841,39.024162
0.001,0.035730872,ABC,RS_pvalue,0.00034073862285645087,1.0,0.0,20.0,100,7,256,256,1024,0.001,0.001,7,0,0.5,0.0001,200,1e-06,40.0,0,38.541805,37.952957,42.04734,41.16841,39.024162
0.001,0.035730872,NRE,C2ST,0.9958999752998352,1.0,0.0,20.0,100,7,256,256,1024,0.001,0.001,7,0,0.5,0.0001,200,1e-06,40.0,0,38.541805,37.952957,42.04734,41.16841,39.024162
0.001,0.035730872,NRE,RS_stat,117.54144838693159,1.0,0.0,20.0,100,7,256,256,1024,0.001,0.001,7,0,0.5,0.0001,200,1e-06,40.0,0,38.541805,37.952957,42.04734,41.16841,39.024162
0.001,0.035730872,NRE,RS_pvalue,0.0,1.0,0.0,20.0,100,7,256,256,1024,0.001,0.001,7,0,0.5,0.0001,200,1e-06,40.0,0,38.541805,37.952957,42.04734,41.16841,39.024162
0.001,0.035730872,CORRECTED_NRE,C2ST,0.5078999996185303,1.0,0.0,20.0,100,7,256,256,1024,0.001,0.001,7,0,0.5,0.0001,200,1e-06,40.0,0,38.541805,37.952957,42.04734,41.16841,39.024162
0.001,0.035730872,CORRECTED_NRE,RS_stat,-3.280405702119019,1.0,0.0,20.0,100,7,256,256,1024,0.001,0.001,7,0,0.5,0.0001,200,1e-06,40.0,0,38.541805,37.952957,42.04734,41.16841,39.024162
0.001,0.035730872,CORRECTED_NRE,RS_pvalue,0.0010365790976056396,1.0,0.0,20.0,100,7,256,256,1024,0.001,0.001,7,0,0.5,0.0001,200,1e-06,40.0,0,38.541805,37.952957,42.04734,41.16841,39.024162
0.001,0.035730872,ALL,TIME_SIMULATION,0.728057861328125,1.0,0.0,20.0,100,7,256,256,1024,0.001,0.001,7,0,0.5,0.0001,200,1e-06,40.0,0,38.541805,37.952957,42.04734,41.16841,39.024162
0.001,0.035730872,ALL,TIME_TRAINING,206.5023899078369,1.0,0.0,20.0,100,7,256,256,1024,0.001,0.001,7,0,0.5,0.0001,200,1e-06,40.0,0,38.541805,37.952957,42.04734,41.16841,39.024162
0.001,0.035730872,ALL,TIME_EVAL,7.923874855041504,1.0,0.0,20.0,100,7,256,256,1024,0.001,0.001,7,0,0.5,0.0001,200,1e-06,40.0,0,38.541805,37.952957,42.04734,41.16841,39.024162
0.001,0.035730872,ALL,NN_TRAIN_ACCURACY,0.4992027282714844,1.0,0.0,20.0,100,7,256,256,1024,0.001,0.001,7,0,0.5,0.0001,200,1e-06,40.0,0,38.541805,37.952957,42.04734,41.16841,39.024162
0.001,0.035730872,ALL,NN_TEST_ACCURACY,0.49945068359375,1.0,0.0,20.0,100,7,256,256,1024,0.001,0.001,7,0,0.5,0.0001,200,1e-06,40.0,0,38.541805,37.952957,42.04734,41.16841,39.024162
0.0005,0.007935686,ABC,C2ST,0.5079500079154968,1.0,0.0,20.0,100,7,256,256,1024,0.001,0.001,7,0,0.5,0.0001,200,1e-06,40.0,0,38.541805,37.952957,42.04734,41.16841,39.024162
0.0005,0.007935686,ABC,RS_stat,-3.765524815809952,1.0,0.0,20.0,100,7,256,256,1024,0.001,0.001,7,0,0.5,0.0001,200,1e-06,40.0,0,38.541805,37.952957,42.04734,41.16841,39.024162
0.0005,0.007935686,ABC,RS_pvalue,0.00016619961459575286,1.0,0.0,20.0,100,7,256,256,1024,0.001,0.001,7,0,0.5,0.0001,200,1e-06,40.0,0,38.541805,37.952957,42.04734,41.16841,39.024162
0.0005,0.007935686,NRE,C2ST,0.9955499768257141,1.0,0.0,20.0,100,7,256,256,1024,0.001,0.001,7,0,0.5,0.0001,200,1e-06,40.0,0,38.541805,37.952957,42.04734,41.16841,39.024162
0.0005,0.007935686,NRE,RS_stat,116.85157542069939,1.0,0.0,20.0,100,7,256,256,1024,0.001,0.001,7,0,0.5,0.0001,200,1e-06,40.0,0,38.541805,37.952957,42.04734,41.16841,39.024162
0.0005,0.007935686,NRE,RS_pvalue,0.0,1.0,0.0,20.0,100,7,256,256,1024,0.001,0.001,7,0,0.5,0.0001,200,1e-06,40.0,0,38.541805,37.952957,42.04734,41.16841,39.024162
0.0005,0.007935686,CORRECTED_NRE,C2ST,0.5076500177383423,1.0,0.0,20.0,100,7,256,256,1024,0.001,0.001,7,0,0.5,0.0001,200,1e-06,40.0,0,38.541805,37.952957,42.04734,41.16841,39.024162
0.0005,0.007935686,CORRECTED_NRE,RS_stat,-3.274121693282166,1.0,0.0,20.0,100,7,256,256,1024,0.001,0.001,7,0,0.5,0.0001,200,1e-06,40.0,0,38.541805,37.952957,42.04734,41.16841,39.024162
0.0005,0.007935686,CORRECTED_NRE,RS_pvalue,0.001059909548376756,1.0,0.0,20.0,100,7,256,256,1024,0.001,0.001,7,0,0.5,0.0001,200,1e-06,40.0,0,38.541805,37.952957,42.04734,41.16841,39.024162
0.0005,0.007935686,ALL,TIME_SIMULATION,0.7686259746551514,1.0,0.0,20.0,100,7,256,256,1024,0.001,0.001,7,0,0.5,0.0001,200,1e-06,40.0,0,38.541805,37.952957,42.04734,41.16841,39.024162
0.0005,0.007935686,ALL,TIME_TRAINING,201.28131198883057,1.0,0.0,20.0,100,7,256,256,1024,0.001,0.001,7,0,0.5,0.0001,200,1e-06,40.0,0,38.541805,37.952957,42.04734,41.16841,39.024162
0.0005,0.007935686,ALL,TIME_EVAL,8.43949580192566,1.0,0.0,20.0,100,7,256,256,1024,0.001,0.001,7,0,0.5,0.0001,200,1e-06,40.0,0,38.541805,37.952957,42.04734,41.16841,39.024162
0.0005,0.007935686,ALL,NN_TRAIN_ACCURACY,0.49965667724609375,1.0,0.0,20.0,100,7,256,256,1024,0.001,0.001,7,0,0.5,0.0001,200,1e-06,40.0,0,38.541805,37.952957,42.04734,41.16841,39.024162
0.0005,0.007935686,ALL,NN_TEST_ACCURACY,0.499725341796875,1.0,0.0,20.0,100,7,256,256,1024,0.001,0.001,7,0,0.5,0.0001,200,1e-06,40.0,0,38.541805,37.952957,42.04734,41.16841,39.024162
0.0001,0.00035534802,ABC,C2ST,0.4941500127315521,1.0,0.0,20.0,100,7,256,256,1024,0.001,0.001,7,0,0.5,0.0001,200,1e-06,40.0,0,38.541805,37.952957,42.04734,41.16841,39.024162
0.0001,0.00035534802,ABC,RS_stat,-2.133187692046231,1.0,0.0,20.0,100,7,256,256,1024,0.001,0.001,7,0,0.5,0.0001,200,1e-06,40.0,0,38.541805,37.952957,42.04734,41.16841,39.024162
0.0001,0.00035534802,ABC,RS_pvalue,0.03290933237380341,1.0,0.0,20.0,100,7,256,256,1024,0.001,0.001,7,0,0.5,0.0001,200,1e-06,40.0,0,38.541805,37.952957,42.04734,41.16841,39.024162
0.0001,0.00035534802,NRE,C2ST,0.9952999949455261,1.0,0.0,20.0,100,7,256,256,1024,0.001,0.001,7,0,0.5,0.0001,200,1e-06,40.0,0,38.541805,37.952957,42.04734,41.16841,39.024162
0.0001,0.00035534802,NRE,RS_stat,117.18945203849879,1.0,0.0,20.0,100,7,256,256,1024,0.001,0.001,7,0,0.5,0.0001,200,1e-06,40.0,0,38.541805,37.952957,42.04734,41.16841,39.024162
0.0001,0.00035534802,NRE,RS_pvalue,0.0,1.0,0.0,20.0,100,7,256,256,1024,0.001,0.001,7,0,0.5,0.0001,200,1e-06,40.0,0,38.541805,37.952957,42.04734,41.16841,39.024162
0.0001,0.00035534802,CORRECTED_NRE,C2ST,0.5044500231742859,1.0,0.0,20.0,100,7,256,256,1024,0.001,0.001,7,0,0.5,0.0001,200,1e-06,40.0,0,38.541805,37.952957,42.04734,41.16841,39.024162
0.0001,0.00035534802,CORRECTED_NRE,RS_stat,-4.45628569987625,1.0,0.0,20.0,100,7,256,256,1024,0.001,0.001,7,0,0.5,0.0001,200,1e-06,40.0,0,38.541805,37.952957,42.04734,41.16841,39.024162
0.0001,0.00035534802,CORRECTED_NRE,RS_pvalue,8.339188097394952e-06,1.0,0.0,20.0,100,7,256,256,1024,0.001,0.001,7,0,0.5,0.0001,200,1e-06,40.0,0,38.541805,37.952957,42.04734,41.16841,39.024162
0.0001,0.00035534802,ALL,TIME_SIMULATION,0.7095470428466797,1.0,0.0,20.0,100,7,256,256,1024,0.001,0.001,7,0,0.5,0.0001,200,1e-06,40.0,0,38.541805,37.952957,42.04734,41.16841,39.024162
0.0001,0.00035534802,ALL,TIME_TRAINING,210.91939115524292,1.0,0.0,20.0,100,7,256,256,1024,0.001,0.001,7,0,0.5,0.0001,200,1e-06,40.0,0,38.541805,37.952957,42.04734,41.16841,39.024162
0.0001,0.00035534802,ALL,TIME_EVAL,7.6810431480407715,1.0,0.0,20.0,100,7,256,256,1024,0.001,0.001,7,0,0.5,0.0001,200,1e-06,40.0,0,38.541805,37.952957,42.04734,41.16841,39.024162
0.0001,0.00035534802,ALL,NN_TRAIN_ACCURACY,0.49855804443359375,1.0,0.0,20.0,100,7,256,256,1024,0.001,0.001,7,0,0.5,0.0001,200,1e-06,40.0,0,38.541805,37.952957,42.04734,41.16841,39.024162
0.0001,0.00035534802,ALL,NN_TEST_ACCURACY,0.4995574951171875,1.0,0.0,20.0,100,7,256,256,1024,0.001,0.001,7,0,0.5,0.0001,200,1e-06,40.0,0,38.541805,37.952957,42.04734,41.16841,39.024162
