alpha,epsilon,method,metric,metric_value,SIGMA,MU0,SIGMA0,N_EPOCH,NUM_LAYERS,HIDDEN_SIZE,BATCH_SIZE,NUM_BATCH,LEARNING_RATE,WDECAY,PATIENCE,COOLDOWN,FACTOR,RTOL,ACCUMULATION_SIZE,LEARNING_RATE_MIN,true_theta_1,index_marginal,xobs_1,xobs_2,xobs_3,xobs_4,xobs_5,xobs_6,xobs_7,xobs_8,xobs_9,xobs_10,xobs_11,xobs_12,xobs_13,xobs_14,xobs_15,xobs_16,xobs_17,xobs_18,xobs_19,xobs_20
1.0,inf,ABC,C2ST,0.9790999889373779,1.0,0,10.0,100,2,128,256,39,0.001,0.001,7,0,0.5,0.0001,200,1e-06,8.548432,0,7.906893,8.023436,7.8165836,7.0863333,7.908051,8.7986765,8.256635,7.7955017,10.091305,7.5109816,8.3897,10.191984,8.44138,6.806107,8.161635,9.268197,9.356215,7.581628,8.973092,9.321278
1.0,inf,ABC,C2ST,0.9797499775886536,1.0,0,10.0,100,2,128,256,39,0.001,0.001,7,0,0.5,0.0001,200,1e-06,8.548432,0,7.906893,8.023436,7.8165836,7.0863333,7.908051,8.7986765,8.256635,7.7955017,10.091305,7.5109816,8.3897,10.191984,8.44138,6.806107,8.161635,9.268197,9.356215,7.581628,8.973092,9.321278
1.0,inf,ABC,C2ST,0.9795500040054321,1.0,0,10.0,100,2,128,256,39,0.001,0.001,7,0,0.5,0.0001,200,1e-06,8.548432,0,7.906893,8.023436,7.8165836,7.0863333,7.908051,8.7986765,8.256635,7.7955017,10.091305,7.5109816,8.3897,10.191984,8.44138,6.806107,8.161635,9.268197,9.356215,7.581628,8.973092,9.321278
1.0,inf,ABC,RS_stat,72.6733436075226,1.0,0,10.0,100,2,128,256,39,0.001,0.001,7,0,0.5,0.0001,200,1e-06,8.548432,0,7.906893,8.023436,7.8165836,7.0863333,7.908051,8.7986765,8.256635,7.7955017,10.091305,7.5109816,8.3897,10.191984,8.44138,6.806107,8.161635,9.268197,9.356215,7.581628,8.973092,9.321278
1.0,inf,ABC,RS_stat,72.68095275718218,1.0,0,10.0,100,2,128,256,39,0.001,0.001,7,0,0.5,0.0001,200,1e-06,8.548432,0,7.906893,8.023436,7.8165836,7.0863333,7.908051,8.7986765,8.256635,7.7955017,10.091305,7.5109816,8.3897,10.191984,8.44138,6.806107,8.161635,9.268197,9.356215,7.581628,8.973092,9.321278
1.0,inf,ABC,RS_stat,72.65123384109661,1.0,0,10.0,100,2,128,256,39,0.001,0.001,7,0,0.5,0.0001,200,1e-06,8.548432,0,7.906893,8.023436,7.8165836,7.0863333,7.908051,8.7986765,8.256635,7.7955017,10.091305,7.5109816,8.3897,10.191984,8.44138,6.806107,8.161635,9.268197,9.356215,7.581628,8.973092,9.321278
1.0,inf,ABC,RS_pvalue,0.0,1.0,0,10.0,100,2,128,256,39,0.001,0.001,7,0,0.5,0.0001,200,1e-06,8.548432,0,7.906893,8.023436,7.8165836,7.0863333,7.908051,8.7986765,8.256635,7.7955017,10.091305,7.5109816,8.3897,10.191984,8.44138,6.806107,8.161635,9.268197,9.356215,7.581628,8.973092,9.321278
1.0,inf,ABC,RS_pvalue,0.0,1.0,0,10.0,100,2,128,256,39,0.001,0.001,7,0,0.5,0.0001,200,1e-06,8.548432,0,7.906893,8.023436,7.8165836,7.0863333,7.908051,8.7986765,8.256635,7.7955017,10.091305,7.5109816,8.3897,10.191984,8.44138,6.806107,8.161635,9.268197,9.356215,7.581628,8.973092,9.321278
1.0,inf,ABC,RS_pvalue,0.0,1.0,0,10.0,100,2,128,256,39,0.001,0.001,7,0,0.5,0.0001,200,1e-06,8.548432,0,7.906893,8.023436,7.8165836,7.0863333,7.908051,8.7986765,8.256635,7.7955017,10.091305,7.5109816,8.3897,10.191984,8.44138,6.806107,8.161635,9.268197,9.356215,7.581628,8.973092,9.321278
1.0,inf,NRE,C2ST,0.6280500292778015,1.0,0,10.0,100,2,128,256,39,0.001,0.001,7,0,0.5,0.0001,200,1e-06,8.548432,0,7.906893,8.023436,7.8165836,7.0863333,7.908051,8.7986765,8.256635,7.7955017,10.091305,7.5109816,8.3897,10.191984,8.44138,6.806107,8.161635,9.268197,9.356215,7.581628,8.973092,9.321278
1.0,inf,NRE,C2ST,0.6272500157356262,1.0,0,10.0,100,2,128,256,39,0.001,0.001,7,0,0.5,0.0001,200,1e-06,8.548432,0,7.906893,8.023436,7.8165836,7.0863333,7.908051,8.7986765,8.256635,7.7955017,10.091305,7.5109816,8.3897,10.191984,8.44138,6.806107,8.161635,9.268197,9.356215,7.581628,8.973092,9.321278
1.0,inf,NRE,C2ST,0.6309999823570251,1.0,0,10.0,100,2,128,256,39,0.001,0.001,7,0,0.5,0.0001,200,1e-06,8.548432,0,7.906893,8.023436,7.8165836,7.0863333,7.908051,8.7986765,8.256635,7.7955017,10.091305,7.5109816,8.3897,10.191984,8.44138,6.806107,8.161635,9.268197,9.356215,7.581628,8.973092,9.321278
1.0,inf,NRE,RS_stat,-44.31926010894396,1.0,0,10.0,100,2,128,256,39,0.001,0.001,7,0,0.5,0.0001,200,1e-06,8.548432,0,7.906893,8.023436,7.8165836,7.0863333,7.908051,8.7986765,8.256635,7.7955017,10.091305,7.5109816,8.3897,10.191984,8.44138,6.806107,8.161635,9.268197,9.356215,7.581628,8.973092,9.321278
1.0,inf,NRE,RS_stat,-44.31145622971799,1.0,0,10.0,100,2,128,256,39,0.001,0.001,7,0,0.5,0.0001,200,1e-06,8.548432,0,7.906893,8.023436,7.8165836,7.0863333,7.908051,8.7986765,8.256635,7.7955017,10.091305,7.5109816,8.3897,10.191984,8.44138,6.806107,8.161635,9.268197,9.356215,7.581628,8.973092,9.321278
1.0,inf,NRE,RS_stat,-46.11624169343314,1.0,0,10.0,100,2,128,256,39,0.001,0.001,7,0,0.5,0.0001,200,1e-06,8.548432,0,7.906893,8.023436,7.8165836,7.0863333,7.908051,8.7986765,8.256635,7.7955017,10.091305,7.5109816,8.3897,10.191984,8.44138,6.806107,8.161635,9.268197,9.356215,7.581628,8.973092,9.321278
1.0,inf,NRE,RS_pvalue,0.0,1.0,0,10.0,100,2,128,256,39,0.001,0.001,7,0,0.5,0.0001,200,1e-06,8.548432,0,7.906893,8.023436,7.8165836,7.0863333,7.908051,8.7986765,8.256635,7.7955017,10.091305,7.5109816,8.3897,10.191984,8.44138,6.806107,8.161635,9.268197,9.356215,7.581628,8.973092,9.321278
1.0,inf,NRE,RS_pvalue,0.0,1.0,0,10.0,100,2,128,256,39,0.001,0.001,7,0,0.5,0.0001,200,1e-06,8.548432,0,7.906893,8.023436,7.8165836,7.0863333,7.908051,8.7986765,8.256635,7.7955017,10.091305,7.5109816,8.3897,10.191984,8.44138,6.806107,8.161635,9.268197,9.356215,7.581628,8.973092,9.321278
1.0,inf,NRE,RS_pvalue,0.0,1.0,0,10.0,100,2,128,256,39,0.001,0.001,7,0,0.5,0.0001,200,1e-06,8.548432,0,7.906893,8.023436,7.8165836,7.0863333,7.908051,8.7986765,8.256635,7.7955017,10.091305,7.5109816,8.3897,10.191984,8.44138,6.806107,8.161635,9.268197,9.356215,7.581628,8.973092,9.321278
1.0,inf,CORRECTED_NRE,C2ST,0.6248000264167786,1.0,0,10.0,100,2,128,256,39,0.001,0.001,7,0,0.5,0.0001,200,1e-06,8.548432,0,7.906893,8.023436,7.8165836,7.0863333,7.908051,8.7986765,8.256635,7.7955017,10.091305,7.5109816,8.3897,10.191984,8.44138,6.806107,8.161635,9.268197,9.356215,7.581628,8.973092,9.321278
1.0,inf,CORRECTED_NRE,C2ST,0.6245999932289124,1.0,0,10.0,100,2,128,256,39,0.001,0.001,7,0,0.5,0.0001,200,1e-06,8.548432,0,7.906893,8.023436,7.8165836,7.0863333,7.908051,8.7986765,8.256635,7.7955017,10.091305,7.5109816,8.3897,10.191984,8.44138,6.806107,8.161635,9.268197,9.356215,7.581628,8.973092,9.321278
1.0,inf,CORRECTED_NRE,C2ST,0.6332499980926514,1.0,0,10.0,100,2,128,256,39,0.001,0.001,7,0,0.5,0.0001,200,1e-06,8.548432,0,7.906893,8.023436,7.8165836,7.0863333,7.908051,8.7986765,8.256635,7.7955017,10.091305,7.5109816,8.3897,10.191984,8.44138,6.806107,8.161635,9.268197,9.356215,7.581628,8.973092,9.321278
1.0,inf,CORRECTED_NRE,RS_stat,-44.2785751014288,1.0,0,10.0,100,2,128,256,39,0.001,0.001,7,0,0.5,0.0001,200,1e-06,8.548432,0,7.906893,8.023436,7.8165836,7.0863333,7.908051,8.7986765,8.256635,7.7955017,10.091305,7.5109816,8.3897,10.191984,8.44138,6.806107,8.161635,9.268197,9.356215,7.581628,8.973092,9.321278
1.0,inf,CORRECTED_NRE,RS_stat,-44.484091950950265,1.0,0,10.0,100,2,128,256,39,0.001,0.001,7,0,0.5,0.0001,200,1e-06,8.548432,0,7.906893,8.023436,7.8165836,7.0863333,7.908051,8.7986765,8.256635,7.7955017,10.091305,7.5109816,8.3897,10.191984,8.44138,6.806107,8.161635,9.268197,9.356215,7.581628,8.973092,9.321278
1.0,inf,CORRECTED_NRE,RS_stat,-46.56124529173699,1.0,0,10.0,100,2,128,256,39,0.001,0.001,7,0,0.5,0.0001,200,1e-06,8.548432,0,7.906893,8.023436,7.8165836,7.0863333,7.908051,8.7986765,8.256635,7.7955017,10.091305,7.5109816,8.3897,10.191984,8.44138,6.806107,8.161635,9.268197,9.356215,7.581628,8.973092,9.321278
1.0,inf,CORRECTED_NRE,RS_pvalue,0.0,1.0,0,10.0,100,2,128,256,39,0.001,0.001,7,0,0.5,0.0001,200,1e-06,8.548432,0,7.906893,8.023436,7.8165836,7.0863333,7.908051,8.7986765,8.256635,7.7955017,10.091305,7.5109816,8.3897,10.191984,8.44138,6.806107,8.161635,9.268197,9.356215,7.581628,8.973092,9.321278
1.0,inf,CORRECTED_NRE,RS_pvalue,0.0,1.0,0,10.0,100,2,128,256,39,0.001,0.001,7,0,0.5,0.0001,200,1e-06,8.548432,0,7.906893,8.023436,7.8165836,7.0863333,7.908051,8.7986765,8.256635,7.7955017,10.091305,7.5109816,8.3897,10.191984,8.44138,6.806107,8.161635,9.268197,9.356215,7.581628,8.973092,9.321278
1.0,inf,CORRECTED_NRE,RS_pvalue,0.0,1.0,0,10.0,100,2,128,256,39,0.001,0.001,7,0,0.5,0.0001,200,1e-06,8.548432,0,7.906893,8.023436,7.8165836,7.0863333,7.908051,8.7986765,8.256635,7.7955017,10.091305,7.5109816,8.3897,10.191984,8.44138,6.806107,8.161635,9.268197,9.356215,7.581628,8.973092,9.321278
1.0,inf,ALL,TIME_SIMULATION,0.0083770751953125,1.0,0,10.0,100,2,128,256,39,0.001,0.001,7,0,0.5,0.0001,200,1e-06,8.548432,0,7.906893,8.023436,7.8165836,7.0863333,7.908051,8.7986765,8.256635,7.7955017,10.091305,7.5109816,8.3897,10.191984,8.44138,6.806107,8.161635,9.268197,9.356215,7.581628,8.973092,9.321278
1.0,inf,ALL,TIME_TRAINING,5.2048561573028564,1.0,0,10.0,100,2,128,256,39,0.001,0.001,7,0,0.5,0.0001,200,1e-06,8.548432,0,7.906893,8.023436,7.8165836,7.0863333,7.908051,8.7986765,8.256635,7.7955017,10.091305,7.5109816,8.3897,10.191984,8.44138,6.806107,8.161635,9.268197,9.356215,7.581628,8.973092,9.321278
1.0,inf,ALL,TIME_EVAL,15.593484878540039,1.0,0,10.0,100,2,128,256,39,0.001,0.001,7,0,0.5,0.0001,200,1e-06,8.548432,0,7.906893,8.023436,7.8165836,7.0863333,7.908051,8.7986765,8.256635,7.7955017,10.091305,7.5109816,8.3897,10.191984,8.44138,6.806107,8.161635,9.268197,9.356215,7.581628,8.973092,9.321278
1.0,inf,ALL,NN_TRAIN_ACCURACY,"[0.49155745, 0.6828377, 0.8364415, 0.87890625, 0.9043599, 0.921119, 0.9303175, 0.93989414, 0.9434224, 0.94871473, 0.95060486, 0.9547631, 0.9577873, 0.9616935, 0.96320564, 0.9654738, 0.96610385, 0.9673639, 0.9703881, 0.97089213, 0.97127014, 0.9702621, 0.97290826, 0.97391635, 0.97429436, 0.97391635, 0.9760585, 0.9745464, 0.9766885, 0.9764365, 0.9765625, 0.9754284, 0.9774445, 0.9780746, 0.9776966, 0.9784526, 0.9774445, 0.9771925, 0.9783266, 0.97946066, 0.9783266, 0.9795867, 0.97870463, 0.97908264, 0.9773185, 0.97920865, 0.98059475, 0.97870463, 0.9798387, 0.9797127, 0.98021674, 0.98034275, 0.9810988, 0.98084676, 0.97996473, 0.97920865, 0.9783266, 0.97908264, 0.9778226, 0.9795867, 0.97996473, 0.98046875, 0.97883064, 0.9780746, 0.98046875, 0.9810988, 0.98009074, 0.98084676, 0.98021674, 0.98009074, 0.9813508, 0.97895664, 0.9824849, 0.9812248, 0.9812248, 0.97870463, 0.98046875, 0.97996473, 0.98210686, 0.9824849, 0.98223287, 0.98172885, 0.9813508, 0.98198086, 0.9826109, 0.98160285, 0.9823589, 0.98223287, 0.9827369, 0.98097277, 0.98172885, 0.983871, 0.983997, 0.983619, 0.9810988, 0.98198086, 0.983619, 0.983745, 0.97920865, 0.9785786, 0.98084676]",1.0,0,10.0,100,2,128,256,39,0.001,0.001,7,0,0.5,0.0001,200,1e-06,8.548432,0,7.906893,8.023436,7.8165836,7.0863333,7.908051,8.7986765,8.256635,7.7955017,10.091305,7.5109816,8.3897,10.191984,8.44138,6.806107,8.161635,9.268197,9.356215,7.581628,8.973092,9.321278
1.0,inf,ALL,NN_TEST_ACCURACY,"[0.49107143, 0.73046875, 0.8655134, 0.89285713, 0.90904015, 0.9280134, 0.9358259, 0.9375, 0.9436384, 0.9469866, 0.9614955, 0.95870537, 0.95870537, 0.9603795, 0.9620536, 0.96651787, 0.97433037, 0.9704241, 0.9704241, 0.97321427, 0.969308, 0.9754464, 0.97154015, 0.9765625, 0.9754464, 0.9748884, 0.97377235, 0.97377235, 0.9754464, 0.97098213, 0.97209823, 0.97433037, 0.97377235, 0.97321427, 0.97377235, 0.97154015, 0.97377235, 0.97377235, 0.97377235, 0.96875, 0.97209823, 0.97209823, 0.9748884, 0.97377235, 0.97321427, 0.97265625, 0.97321427, 0.97098213, 0.97265625, 0.9676339, 0.9704241, 0.9771205, 0.97433037, 0.9748884, 0.97098213, 0.97265625, 0.97154015, 0.97433037, 0.97098213, 0.97321427, 0.9754464, 0.97321427, 0.97209823, 0.968192, 0.97433037, 0.97154015, 0.97377235, 0.97098213, 0.97265625, 0.9704241, 0.97154015, 0.9676339, 0.97154015, 0.9704241, 0.96875, 0.9670759, 0.97154015, 0.97098213, 0.97098213, 0.969308, 0.96875, 0.9704241, 0.97209823, 0.97265625, 0.9698661, 0.97154015, 0.96875, 0.96875, 0.969308, 0.96595985, 0.97433037, 0.97098213, 0.9704241, 0.969308, 0.96651787, 0.96651787, 0.96595985, 0.97098213, 0.96372765, 0.95647323, 0.96540177]",1.0,0,10.0,100,2,128,256,39,0.001,0.001,7,0,0.5,0.0001,200,1e-06,8.548432,0,7.906893,8.023436,7.8165836,7.0863333,7.908051,8.7986765,8.256635,7.7955017,10.091305,7.5109816,8.3897,10.191984,8.44138,6.806107,8.161635,9.268197,9.356215,7.581628,8.973092,9.321278
0.9,461.1003112792969,ABC,C2ST,0.9750000238418579,1.0,0,10.0,100,2,128,256,39,0.001,0.001,7,0,0.5,0.0001,200,1e-06,8.548432,0,7.906893,8.023436,7.8165836,7.0863333,7.908051,8.7986765,8.256635,7.7955017,10.091305,7.5109816,8.3897,10.191984,8.44138,6.806107,8.161635,9.268197,9.356215,7.581628,8.973092,9.321278
0.9,461.1003112792969,ABC,C2ST,0.9750000238418579,1.0,0,10.0,100,2,128,256,39,0.001,0.001,7,0,0.5,0.0001,200,1e-06,8.548432,0,7.906893,8.023436,7.8165836,7.0863333,7.908051,8.7986765,8.256635,7.7955017,10.091305,7.5109816,8.3897,10.191984,8.44138,6.806107,8.161635,9.268197,9.356215,7.581628,8.973092,9.321278
0.9,461.1003112792969,ABC,C2ST,0.9753999710083008,1.0,0,10.0,100,2,128,256,39,0.001,0.001,7,0,0.5,0.0001,200,1e-06,8.548432,0,7.906893,8.023436,7.8165836,7.0863333,7.908051,8.7986765,8.256635,7.7955017,10.091305,7.5109816,8.3897,10.191984,8.44138,6.806107,8.161635,9.268197,9.356215,7.581628,8.973092,9.321278
0.9,461.1003112792969,ABC,RS_stat,68.30087245232747,1.0,0,10.0,100,2,128,256,39,0.001,0.001,7,0,0.5,0.0001,200,1e-06,8.548432,0,7.906893,8.023436,7.8165836,7.0863333,7.908051,8.7986765,8.256635,7.7955017,10.091305,7.5109816,8.3897,10.191984,8.44138,6.806107,8.161635,9.268197,9.356215,7.581628,8.973092,9.321278
0.9,461.1003112792969,ABC,RS_stat,68.29391607536522,1.0,0,10.0,100,2,128,256,39,0.001,0.001,7,0,0.5,0.0001,200,1e-06,8.548432,0,7.906893,8.023436,7.8165836,7.0863333,7.908051,8.7986765,8.256635,7.7955017,10.091305,7.5109816,8.3897,10.191984,8.44138,6.806107,8.161635,9.268197,9.356215,7.581628,8.973092,9.321278
0.9,461.1003112792969,ABC,RS_stat,68.29144827614357,1.0,0,10.0,100,2,128,256,39,0.001,0.001,7,0,0.5,0.0001,200,1e-06,8.548432,0,7.906893,8.023436,7.8165836,7.0863333,7.908051,8.7986765,8.256635,7.7955017,10.091305,7.5109816,8.3897,10.191984,8.44138,6.806107,8.161635,9.268197,9.356215,7.581628,8.973092,9.321278
0.9,461.1003112792969,ABC,RS_pvalue,0.0,1.0,0,10.0,100,2,128,256,39,0.001,0.001,7,0,0.5,0.0001,200,1e-06,8.548432,0,7.906893,8.023436,7.8165836,7.0863333,7.908051,8.7986765,8.256635,7.7955017,10.091305,7.5109816,8.3897,10.191984,8.44138,6.806107,8.161635,9.268197,9.356215,7.581628,8.973092,9.321278
0.9,461.1003112792969,ABC,RS_pvalue,0.0,1.0,0,10.0,100,2,128,256,39,0.001,0.001,7,0,0.5,0.0001,200,1e-06,8.548432,0,7.906893,8.023436,7.8165836,7.0863333,7.908051,8.7986765,8.256635,7.7955017,10.091305,7.5109816,8.3897,10.191984,8.44138,6.806107,8.161635,9.268197,9.356215,7.581628,8.973092,9.321278
0.9,461.1003112792969,ABC,RS_pvalue,0.0,1.0,0,10.0,100,2,128,256,39,0.001,0.001,7,0,0.5,0.0001,200,1e-06,8.548432,0,7.906893,8.023436,7.8165836,7.0863333,7.908051,8.7986765,8.256635,7.7955017,10.091305,7.5109816,8.3897,10.191984,8.44138,6.806107,8.161635,9.268197,9.356215,7.581628,8.973092,9.321278
0.9,461.1003112792969,NRE,C2ST,0.7427499890327454,1.0,0,10.0,100,2,128,256,39,0.001,0.001,7,0,0.5,0.0001,200,1e-06,8.548432,0,7.906893,8.023436,7.8165836,7.0863333,7.908051,8.7986765,8.256635,7.7955017,10.091305,7.5109816,8.3897,10.191984,8.44138,6.806107,8.161635,9.268197,9.356215,7.581628,8.973092,9.321278
0.9,461.1003112792969,NRE,C2ST,0.7405999898910522,1.0,0,10.0,100,2,128,256,39,0.001,0.001,7,0,0.5,0.0001,200,1e-06,8.548432,0,7.906893,8.023436,7.8165836,7.0863333,7.908051,8.7986765,8.256635,7.7955017,10.091305,7.5109816,8.3897,10.191984,8.44138,6.806107,8.161635,9.268197,9.356215,7.581628,8.973092,9.321278
0.9,461.1003112792969,NRE,C2ST,0.7425000071525574,1.0,0,10.0,100,2,128,256,39,0.001,0.001,7,0,0.5,0.0001,200,1e-06,8.548432,0,7.906893,8.023436,7.8165836,7.0863333,7.908051,8.7986765,8.256635,7.7955017,10.091305,7.5109816,8.3897,10.191984,8.44138,6.806107,8.161635,9.268197,9.356215,7.581628,8.973092,9.321278
0.9,461.1003112792969,NRE,RS_stat,77.22833392797911,1.0,0,10.0,100,2,128,256,39,0.001,0.001,7,0,0.5,0.0001,200,1e-06,8.548432,0,7.906893,8.023436,7.8165836,7.0863333,7.908051,8.7986765,8.256635,7.7955017,10.091305,7.5109816,8.3897,10.191984,8.44138,6.806107,8.161635,9.268197,9.356215,7.581628,8.973092,9.321278
0.9,461.1003112792969,NRE,RS_stat,77.13692248078092,1.0,0,10.0,100,2,128,256,39,0.001,0.001,7,0,0.5,0.0001,200,1e-06,8.548432,0,7.906893,8.023436,7.8165836,7.0863333,7.908051,8.7986765,8.256635,7.7955017,10.091305,7.5109816,8.3897,10.191984,8.44138,6.806107,8.161635,9.268197,9.356215,7.581628,8.973092,9.321278
0.9,461.1003112792969,NRE,RS_stat,77.37464319160917,1.0,0,10.0,100,2,128,256,39,0.001,0.001,7,0,0.5,0.0001,200,1e-06,8.548432,0,7.906893,8.023436,7.8165836,7.0863333,7.908051,8.7986765,8.256635,7.7955017,10.091305,7.5109816,8.3897,10.191984,8.44138,6.806107,8.161635,9.268197,9.356215,7.581628,8.973092,9.321278
0.9,461.1003112792969,NRE,RS_pvalue,0.0,1.0,0,10.0,100,2,128,256,39,0.001,0.001,7,0,0.5,0.0001,200,1e-06,8.548432,0,7.906893,8.023436,7.8165836,7.0863333,7.908051,8.7986765,8.256635,7.7955017,10.091305,7.5109816,8.3897,10.191984,8.44138,6.806107,8.161635,9.268197,9.356215,7.581628,8.973092,9.321278
0.9,461.1003112792969,NRE,RS_pvalue,0.0,1.0,0,10.0,100,2,128,256,39,0.001,0.001,7,0,0.5,0.0001,200,1e-06,8.548432,0,7.906893,8.023436,7.8165836,7.0863333,7.908051,8.7986765,8.256635,7.7955017,10.091305,7.5109816,8.3897,10.191984,8.44138,6.806107,8.161635,9.268197,9.356215,7.581628,8.973092,9.321278
0.9,461.1003112792969,NRE,RS_pvalue,0.0,1.0,0,10.0,100,2,128,256,39,0.001,0.001,7,0,0.5,0.0001,200,1e-06,8.548432,0,7.906893,8.023436,7.8165836,7.0863333,7.908051,8.7986765,8.256635,7.7955017,10.091305,7.5109816,8.3897,10.191984,8.44138,6.806107,8.161635,9.268197,9.356215,7.581628,8.973092,9.321278
0.9,461.1003112792969,CORRECTED_NRE,C2ST,0.7383999824523926,1.0,0,10.0,100,2,128,256,39,0.001,0.001,7,0,0.5,0.0001,200,1e-06,8.548432,0,7.906893,8.023436,7.8165836,7.0863333,7.908051,8.7986765,8.256635,7.7955017,10.091305,7.5109816,8.3897,10.191984,8.44138,6.806107,8.161635,9.268197,9.356215,7.581628,8.973092,9.321278
0.9,461.1003112792969,CORRECTED_NRE,C2ST,0.7420499920845032,1.0,0,10.0,100,2,128,256,39,0.001,0.001,7,0,0.5,0.0001,200,1e-06,8.548432,0,7.906893,8.023436,7.8165836,7.0863333,7.908051,8.7986765,8.256635,7.7955017,10.091305,7.5109816,8.3897,10.191984,8.44138,6.806107,8.161635,9.268197,9.356215,7.581628,8.973092,9.321278
0.9,461.1003112792969,CORRECTED_NRE,C2ST,0.7427999973297119,1.0,0,10.0,100,2,128,256,39,0.001,0.001,7,0,0.5,0.0001,200,1e-06,8.548432,0,7.906893,8.023436,7.8165836,7.0863333,7.908051,8.7986765,8.256635,7.7955017,10.091305,7.5109816,8.3897,10.191984,8.44138,6.806107,8.161635,9.268197,9.356215,7.581628,8.973092,9.321278
0.9,461.1003112792969,CORRECTED_NRE,RS_stat,76.44835383522914,1.0,0,10.0,100,2,128,256,39,0.001,0.001,7,0,0.5,0.0001,200,1e-06,8.548432,0,7.906893,8.023436,7.8165836,7.0863333,7.908051,8.7986765,8.256635,7.7955017,10.091305,7.5109816,8.3897,10.191984,8.44138,6.806107,8.161635,9.268197,9.356215,7.581628,8.973092,9.321278
0.9,461.1003112792969,CORRECTED_NRE,RS_stat,77.67770975616945,1.0,0,10.0,100,2,128,256,39,0.001,0.001,7,0,0.5,0.0001,200,1e-06,8.548432,0,7.906893,8.023436,7.8165836,7.0863333,7.908051,8.7986765,8.256635,7.7955017,10.091305,7.5109816,8.3897,10.191984,8.44138,6.806107,8.161635,9.268197,9.356215,7.581628,8.973092,9.321278
0.9,461.1003112792969,CORRECTED_NRE,RS_stat,77.34932834798067,1.0,0,10.0,100,2,128,256,39,0.001,0.001,7,0,0.5,0.0001,200,1e-06,8.548432,0,7.906893,8.023436,7.8165836,7.0863333,7.908051,8.7986765,8.256635,7.7955017,10.091305,7.5109816,8.3897,10.191984,8.44138,6.806107,8.161635,9.268197,9.356215,7.581628,8.973092,9.321278
0.9,461.1003112792969,CORRECTED_NRE,RS_pvalue,0.0,1.0,0,10.0,100,2,128,256,39,0.001,0.001,7,0,0.5,0.0001,200,1e-06,8.548432,0,7.906893,8.023436,7.8165836,7.0863333,7.908051,8.7986765,8.256635,7.7955017,10.091305,7.5109816,8.3897,10.191984,8.44138,6.806107,8.161635,9.268197,9.356215,7.581628,8.973092,9.321278
0.9,461.1003112792969,CORRECTED_NRE,RS_pvalue,0.0,1.0,0,10.0,100,2,128,256,39,0.001,0.001,7,0,0.5,0.0001,200,1e-06,8.548432,0,7.906893,8.023436,7.8165836,7.0863333,7.908051,8.7986765,8.256635,7.7955017,10.091305,7.5109816,8.3897,10.191984,8.44138,6.806107,8.161635,9.268197,9.356215,7.581628,8.973092,9.321278
0.9,461.1003112792969,CORRECTED_NRE,RS_pvalue,0.0,1.0,0,10.0,100,2,128,256,39,0.001,0.001,7,0,0.5,0.0001,200,1e-06,8.548432,0,7.906893,8.023436,7.8165836,7.0863333,7.908051,8.7986765,8.256635,7.7955017,10.091305,7.5109816,8.3897,10.191984,8.44138,6.806107,8.161635,9.268197,9.356215,7.581628,8.973092,9.321278
0.9,461.1003112792969,ALL,TIME_SIMULATION,0.05571103096008301,1.0,0,10.0,100,2,128,256,39,0.001,0.001,7,0,0.5,0.0001,200,1e-06,8.548432,0,7.906893,8.023436,7.8165836,7.0863333,7.908051,8.7986765,8.256635,7.7955017,10.091305,7.5109816,8.3897,10.191984,8.44138,6.806107,8.161635,9.268197,9.356215,7.581628,8.973092,9.321278
0.9,461.1003112792969,ALL,TIME_TRAINING,4.9175169467926025,1.0,0,10.0,100,2,128,256,39,0.001,0.001,7,0,0.5,0.0001,200,1e-06,8.548432,0,7.906893,8.023436,7.8165836,7.0863333,7.908051,8.7986765,8.256635,7.7955017,10.091305,7.5109816,8.3897,10.191984,8.44138,6.806107,8.161635,9.268197,9.356215,7.581628,8.973092,9.321278
0.9,461.1003112792969,ALL,TIME_EVAL,13.77233624458313,1.0,0,10.0,100,2,128,256,39,0.001,0.001,7,0,0.5,0.0001,200,1e-06,8.548432,0,7.906893,8.023436,7.8165836,7.0863333,7.908051,8.7986765,8.256635,7.7955017,10.091305,7.5109816,8.3897,10.191984,8.44138,6.806107,8.161635,9.268197,9.356215,7.581628,8.973092,9.321278
0.9,461.1003112792969,ALL,NN_TRAIN_ACCURACY,"[0.48160282, 0.69027215, 0.8189264, 0.8814264, 0.90851814, 0.922505, 0.93220764, 0.93371975, 0.9458165, 0.9485887, 0.953503, 0.95652723, 0.9600555, 0.9619456, 0.96320564, 0.9640877, 0.9629536, 0.96534777, 0.96433973, 0.96345764, 0.968624, 0.96938, 0.9674899, 0.9706401, 0.9668599, 0.96622986, 0.96459174, 0.969128, 0.9703881, 0.97139615, 0.969506, 0.968876, 0.9705141, 0.97164816, 0.97089213, 0.9697581, 0.97139615, 0.97240424, 0.97391635, 0.97429436, 0.97215223, 0.9700101, 0.969632, 0.97215223, 0.97089213, 0.97152215, 0.97127014, 0.9719002, 0.97253025, 0.97316027, 0.9734123, 0.9734123, 0.97265625, 0.97429436, 0.97290826, 0.9761845, 0.97366434, 0.97404236, 0.97416836, 0.97215223, 0.97278225, 0.97278225, 0.9761845, 0.9753024, 0.9765625, 0.9732863, 0.9754284, 0.97366434, 0.9771925, 0.9735383, 0.97429436, 0.9749244, 0.97404236, 0.9747984, 0.9755544, 0.9758065, 0.9771925, 0.9758065, 0.9766885, 0.9763105, 0.9773185, 0.9763105, 0.9758065, 0.9759325, 0.9760585, 0.9775706, 0.9779486, 0.9749244, 0.9765625, 0.9761845, 0.9734123, 0.9771925, 0.9780746, 0.9775706, 0.9760585, 0.9769405, 0.9758065, 0.9779486, 0.9776966, 0.9784526, 0.9778226]",1.0,0,10.0,100,2,128,256,39,0.001,0.001,7,0,0.5,0.0001,200,1e-06,8.548432,0,7.906893,8.023436,7.8165836,7.0863333,7.908051,8.7986765,8.256635,7.7955017,10.091305,7.5109816,8.3897,10.191984,8.44138,6.806107,8.161635,9.268197,9.356215,7.581628,8.973092,9.321278
0.9,461.1003112792969,ALL,NN_TEST_ACCURACY,"[0.47823662, 0.8030134, 0.8688616, 0.90345985, 0.9202009, 0.94196427, 0.93359375, 0.94866073, 0.95758927, 0.9609375, 0.9614955, 0.96651787, 0.9609375, 0.97098213, 0.9670759, 0.97154015, 0.96484375, 0.97265625, 0.9698661, 0.968192, 0.97154015, 0.9754464, 0.9748884, 0.9760045, 0.9676339, 0.9748884, 0.96651787, 0.9754464, 0.97321427, 0.97377235, 0.97377235, 0.97433037, 0.9704241, 0.9748884, 0.97433037, 0.9771205, 0.97265625, 0.97265625, 0.97209823, 0.9748884, 0.9765625, 0.95870537, 0.97265625, 0.97321427, 0.9748884, 0.97433037, 0.9620536, 0.97433037, 0.97377235, 0.97209823, 0.97265625, 0.97433037, 0.97377235, 0.9760045, 0.9748884, 0.97209823, 0.9754464, 0.97265625, 0.97209823, 0.97098213, 0.97377235, 0.9760045, 0.97377235, 0.9771205, 0.97433037, 0.97321427, 0.97377235, 0.9754464, 0.97321427, 0.9760045, 0.9754464, 0.97377235, 0.9754464, 0.9704241, 0.9748884, 0.9748884, 0.97321427, 0.97098213, 0.97098213, 0.97377235, 0.97265625, 0.96372765, 0.9698661, 0.97433037, 0.9754464, 0.97154015, 0.97265625, 0.9754464, 0.9754464, 0.9704241, 0.97265625, 0.97154015, 0.9698661, 0.97321427, 0.97377235, 0.97098213, 0.97154015, 0.9765625, 0.97209823, 0.97209823, 0.97377235]",1.0,0,10.0,100,2,128,256,39,0.001,0.001,7,0,0.5,0.0001,200,1e-06,8.548432,0,7.906893,8.023436,7.8165836,7.0863333,7.908051,8.7986765,8.256635,7.7955017,10.091305,7.5109816,8.3897,10.191984,8.44138,6.806107,8.161635,9.268197,9.356215,7.581628,8.973092,9.321278
0.5,83.90713500976562,ABC,C2ST,0.9642999768257141,1.0,0,10.0,100,2,128,256,39,0.001,0.001,7,0,0.5,0.0001,200,1e-06,8.548432,0,7.906893,8.023436,7.8165836,7.0863333,7.908051,8.7986765,8.256635,7.7955017,10.091305,7.5109816,8.3897,10.191984,8.44138,6.806107,8.161635,9.268197,9.356215,7.581628,8.973092,9.321278
0.5,83.90713500976562,ABC,C2ST,0.965399980545044,1.0,0,10.0,100,2,128,256,39,0.001,0.001,7,0,0.5,0.0001,200,1e-06,8.548432,0,7.906893,8.023436,7.8165836,7.0863333,7.908051,8.7986765,8.256635,7.7955017,10.091305,7.5109816,8.3897,10.191984,8.44138,6.806107,8.161635,9.268197,9.356215,7.581628,8.973092,9.321278
0.5,83.90713500976562,ABC,C2ST,0.964900016784668,1.0,0,10.0,100,2,128,256,39,0.001,0.001,7,0,0.5,0.0001,200,1e-06,8.548432,0,7.906893,8.023436,7.8165836,7.0863333,7.908051,8.7986765,8.256635,7.7955017,10.091305,7.5109816,8.3897,10.191984,8.44138,6.806107,8.161635,9.268197,9.356215,7.581628,8.973092,9.321278
0.5,83.90713500976562,ABC,RS_stat,43.84522833339374,1.0,0,10.0,100,2,128,256,39,0.001,0.001,7,0,0.5,0.0001,200,1e-06,8.548432,0,7.906893,8.023436,7.8165836,7.0863333,7.908051,8.7986765,8.256635,7.7955017,10.091305,7.5109816,8.3897,10.191984,8.44138,6.806107,8.161635,9.268197,9.356215,7.581628,8.973092,9.321278
0.5,83.90713500976562,ABC,RS_stat,43.86965280975963,1.0,0,10.0,100,2,128,256,39,0.001,0.001,7,0,0.5,0.0001,200,1e-06,8.548432,0,7.906893,8.023436,7.8165836,7.0863333,7.908051,8.7986765,8.256635,7.7955017,10.091305,7.5109816,8.3897,10.191984,8.44138,6.806107,8.161635,9.268197,9.356215,7.581628,8.973092,9.321278
0.5,83.90713500976562,ABC,RS_stat,43.85849811233494,1.0,0,10.0,100,2,128,256,39,0.001,0.001,7,0,0.5,0.0001,200,1e-06,8.548432,0,7.906893,8.023436,7.8165836,7.0863333,7.908051,8.7986765,8.256635,7.7955017,10.091305,7.5109816,8.3897,10.191984,8.44138,6.806107,8.161635,9.268197,9.356215,7.581628,8.973092,9.321278
0.5,83.90713500976562,ABC,RS_pvalue,0.0,1.0,0,10.0,100,2,128,256,39,0.001,0.001,7,0,0.5,0.0001,200,1e-06,8.548432,0,7.906893,8.023436,7.8165836,7.0863333,7.908051,8.7986765,8.256635,7.7955017,10.091305,7.5109816,8.3897,10.191984,8.44138,6.806107,8.161635,9.268197,9.356215,7.581628,8.973092,9.321278
0.5,83.90713500976562,ABC,RS_pvalue,0.0,1.0,0,10.0,100,2,128,256,39,0.001,0.001,7,0,0.5,0.0001,200,1e-06,8.548432,0,7.906893,8.023436,7.8165836,7.0863333,7.908051,8.7986765,8.256635,7.7955017,10.091305,7.5109816,8.3897,10.191984,8.44138,6.806107,8.161635,9.268197,9.356215,7.581628,8.973092,9.321278
0.5,83.90713500976562,ABC,RS_pvalue,0.0,1.0,0,10.0,100,2,128,256,39,0.001,0.001,7,0,0.5,0.0001,200,1e-06,8.548432,0,7.906893,8.023436,7.8165836,7.0863333,7.908051,8.7986765,8.256635,7.7955017,10.091305,7.5109816,8.3897,10.191984,8.44138,6.806107,8.161635,9.268197,9.356215,7.581628,8.973092,9.321278
0.5,83.90713500976562,NRE,C2ST,0.5879499912261963,1.0,0,10.0,100,2,128,256,39,0.001,0.001,7,0,0.5,0.0001,200,1e-06,8.548432,0,7.906893,8.023436,7.8165836,7.0863333,7.908051,8.7986765,8.256635,7.7955017,10.091305,7.5109816,8.3897,10.191984,8.44138,6.806107,8.161635,9.268197,9.356215,7.581628,8.973092,9.321278
0.5,83.90713500976562,NRE,C2ST,0.5824999809265137,1.0,0,10.0,100,2,128,256,39,0.001,0.001,7,0,0.5,0.0001,200,1e-06,8.548432,0,7.906893,8.023436,7.8165836,7.0863333,7.908051,8.7986765,8.256635,7.7955017,10.091305,7.5109816,8.3897,10.191984,8.44138,6.806107,8.161635,9.268197,9.356215,7.581628,8.973092,9.321278
0.5,83.90713500976562,NRE,C2ST,0.5916500091552734,1.0,0,10.0,100,2,128,256,39,0.001,0.001,7,0,0.5,0.0001,200,1e-06,8.548432,0,7.906893,8.023436,7.8165836,7.0863333,7.908051,8.7986765,8.256635,7.7955017,10.091305,7.5109816,8.3897,10.191984,8.44138,6.806107,8.161635,9.268197,9.356215,7.581628,8.973092,9.321278
0.5,83.90713500976562,NRE,RS_stat,-29.31764458384814,1.0,0,10.0,100,2,128,256,39,0.001,0.001,7,0,0.5,0.0001,200,1e-06,8.548432,0,7.906893,8.023436,7.8165836,7.0863333,7.908051,8.7986765,8.256635,7.7955017,10.091305,7.5109816,8.3897,10.191984,8.44138,6.806107,8.161635,9.268197,9.356215,7.581628,8.973092,9.321278
0.5,83.90713500976562,NRE,RS_stat,-27.932011449965145,1.0,0,10.0,100,2,128,256,39,0.001,0.001,7,0,0.5,0.0001,200,1e-06,8.548432,0,7.906893,8.023436,7.8165836,7.0863333,7.908051,8.7986765,8.256635,7.7955017,10.091305,7.5109816,8.3897,10.191984,8.44138,6.806107,8.161635,9.268197,9.356215,7.581628,8.973092,9.321278
0.5,83.90713500976562,NRE,RS_stat,-30.63333306197563,1.0,0,10.0,100,2,128,256,39,0.001,0.001,7,0,0.5,0.0001,200,1e-06,8.548432,0,7.906893,8.023436,7.8165836,7.0863333,7.908051,8.7986765,8.256635,7.7955017,10.091305,7.5109816,8.3897,10.191984,8.44138,6.806107,8.161635,9.268197,9.356215,7.581628,8.973092,9.321278
0.5,83.90713500976562,NRE,RS_pvalue,6.179884872413409e-189,1.0,0,10.0,100,2,128,256,39,0.001,0.001,7,0,0.5,0.0001,200,1e-06,8.548432,0,7.906893,8.023436,7.8165836,7.0863333,7.908051,8.7986765,8.256635,7.7955017,10.091305,7.5109816,8.3897,10.191984,8.44138,6.806107,8.161635,9.268197,9.356215,7.581628,8.973092,9.321278
0.5,83.90713500976562,NRE,RS_pvalue,1.0904349879367143e-171,1.0,0,10.0,100,2,128,256,39,0.001,0.001,7,0,0.5,0.0001,200,1e-06,8.548432,0,7.906893,8.023436,7.8165836,7.0863333,7.908051,8.7986765,8.256635,7.7955017,10.091305,7.5109816,8.3897,10.191984,8.44138,6.806107,8.161635,9.268197,9.356215,7.581628,8.973092,9.321278
0.5,83.90713500976562,NRE,RS_pvalue,4.406316197866603e-206,1.0,0,10.0,100,2,128,256,39,0.001,0.001,7,0,0.5,0.0001,200,1e-06,8.548432,0,7.906893,8.023436,7.8165836,7.0863333,7.908051,8.7986765,8.256635,7.7955017,10.091305,7.5109816,8.3897,10.191984,8.44138,6.806107,8.161635,9.268197,9.356215,7.581628,8.973092,9.321278
0.5,83.90713500976562,CORRECTED_NRE,C2ST,0.5877500176429749,1.0,0,10.0,100,2,128,256,39,0.001,0.001,7,0,0.5,0.0001,200,1e-06,8.548432,0,7.906893,8.023436,7.8165836,7.0863333,7.908051,8.7986765,8.256635,7.7955017,10.091305,7.5109816,8.3897,10.191984,8.44138,6.806107,8.161635,9.268197,9.356215,7.581628,8.973092,9.321278
0.5,83.90713500976562,CORRECTED_NRE,C2ST,0.5865499973297119,1.0,0,10.0,100,2,128,256,39,0.001,0.001,7,0,0.5,0.0001,200,1e-06,8.548432,0,7.906893,8.023436,7.8165836,7.0863333,7.908051,8.7986765,8.256635,7.7955017,10.091305,7.5109816,8.3897,10.191984,8.44138,6.806107,8.161635,9.268197,9.356215,7.581628,8.973092,9.321278
0.5,83.90713500976562,CORRECTED_NRE,C2ST,0.5942000150680542,1.0,0,10.0,100,2,128,256,39,0.001,0.001,7,0,0.5,0.0001,200,1e-06,8.548432,0,7.906893,8.023436,7.8165836,7.0863333,7.908051,8.7986765,8.256635,7.7955017,10.091305,7.5109816,8.3897,10.191984,8.44138,6.806107,8.161635,9.268197,9.356215,7.581628,8.973092,9.321278
0.5,83.90713500976562,CORRECTED_NRE,RS_stat,-30.47517223851041,1.0,0,10.0,100,2,128,256,39,0.001,0.001,7,0,0.5,0.0001,200,1e-06,8.548432,0,7.906893,8.023436,7.8165836,7.0863333,7.908051,8.7986765,8.256635,7.7955017,10.091305,7.5109816,8.3897,10.191984,8.44138,6.806107,8.161635,9.268197,9.356215,7.581628,8.973092,9.321278
0.5,83.90713500976562,CORRECTED_NRE,RS_stat,-29.433042059709305,1.0,0,10.0,100,2,128,256,39,0.001,0.001,7,0,0.5,0.0001,200,1e-06,8.548432,0,7.906893,8.023436,7.8165836,7.0863333,7.908051,8.7986765,8.256635,7.7955017,10.091305,7.5109816,8.3897,10.191984,8.44138,6.806107,8.161635,9.268197,9.356215,7.581628,8.973092,9.321278
0.5,83.90713500976562,CORRECTED_NRE,RS_stat,-30.561163100420753,1.0,0,10.0,100,2,128,256,39,0.001,0.001,7,0,0.5,0.0001,200,1e-06,8.548432,0,7.906893,8.023436,7.8165836,7.0863333,7.908051,8.7986765,8.256635,7.7955017,10.091305,7.5109816,8.3897,10.191984,8.44138,6.806107,8.161635,9.268197,9.356215,7.581628,8.973092,9.321278
0.5,83.90713500976562,CORRECTED_NRE,RS_pvalue,5.5595655045865246e-204,1.0,0,10.0,100,2,128,256,39,0.001,0.001,7,0,0.5,0.0001,200,1e-06,8.548432,0,7.906893,8.023436,7.8165836,7.0863333,7.908051,8.7986765,8.256635,7.7955017,10.091305,7.5109816,8.3897,10.191984,8.44138,6.806107,8.161635,9.268197,9.356215,7.581628,8.973092,9.321278
0.5,83.90713500976562,CORRECTED_NRE,RS_pvalue,2.0753398682556929e-190,1.0,0,10.0,100,2,128,256,39,0.001,0.001,7,0,0.5,0.0001,200,1e-06,8.548432,0,7.906893,8.023436,7.8165836,7.0863333,7.908051,8.7986765,8.256635,7.7955017,10.091305,7.5109816,8.3897,10.191984,8.44138,6.806107,8.161635,9.268197,9.356215,7.581628,8.973092,9.321278
0.5,83.90713500976562,CORRECTED_NRE,RS_pvalue,4.018906425814944e-205,1.0,0,10.0,100,2,128,256,39,0.001,0.001,7,0,0.5,0.0001,200,1e-06,8.548432,0,7.906893,8.023436,7.8165836,7.0863333,7.908051,8.7986765,8.256635,7.7955017,10.091305,7.5109816,8.3897,10.191984,8.44138,6.806107,8.161635,9.268197,9.356215,7.581628,8.973092,9.321278
0.5,83.90713500976562,ALL,TIME_SIMULATION,0.0882878303527832,1.0,0,10.0,100,2,128,256,39,0.001,0.001,7,0,0.5,0.0001,200,1e-06,8.548432,0,7.906893,8.023436,7.8165836,7.0863333,7.908051,8.7986765,8.256635,7.7955017,10.091305,7.5109816,8.3897,10.191984,8.44138,6.806107,8.161635,9.268197,9.356215,7.581628,8.973092,9.321278
0.5,83.90713500976562,ALL,TIME_TRAINING,4.914522171020508,1.0,0,10.0,100,2,128,256,39,0.001,0.001,7,0,0.5,0.0001,200,1e-06,8.548432,0,7.906893,8.023436,7.8165836,7.0863333,7.908051,8.7986765,8.256635,7.7955017,10.091305,7.5109816,8.3897,10.191984,8.44138,6.806107,8.161635,9.268197,9.356215,7.581628,8.973092,9.321278
0.5,83.90713500976562,ALL,TIME_EVAL,13.727566242218018,1.0,0,10.0,100,2,128,256,39,0.001,0.001,7,0,0.5,0.0001,200,1e-06,8.548432,0,7.906893,8.023436,7.8165836,7.0863333,7.908051,8.7986765,8.256635,7.7955017,10.091305,7.5109816,8.3897,10.191984,8.44138,6.806107,8.161635,9.268197,9.356215,7.581628,8.973092,9.321278
0.5,83.90713500976562,ALL,NN_TRAIN_ACCURACY,"[0.5204133, 0.5854335, 0.76801914, 0.8404738, 0.8686996, 0.890121, 0.90246975, 0.9140625, 0.92439514, 0.9306956, 0.937122, 0.936996, 0.9432964, 0.9449345, 0.94896674, 0.9499748, 0.95098287, 0.9546371, 0.9513609, 0.95577115, 0.9562752, 0.95740926, 0.95803934, 0.9589214, 0.9604335, 0.95854336, 0.9590474, 0.9599294, 0.9596774, 0.9541331, 0.95652723, 0.95602316, 0.95665324, 0.9591734, 0.95753527, 0.95740926, 0.9603075, 0.9623236, 0.9613155, 0.9596774, 0.9604335, 0.9600555, 0.9591734, 0.9619456, 0.9619456, 0.9619456, 0.9616935, 0.95715725, 0.9609375, 0.9628276, 0.9611895, 0.9592994, 0.9623236, 0.9627016, 0.9589214, 0.9619456, 0.9619456, 0.9610635, 0.96459174, 0.9627016, 0.9611895, 0.96534777, 0.9616935, 0.9614415, 0.9628276, 0.9616935, 0.96358365, 0.9642137, 0.96459174, 0.96534777, 0.96648186, 0.9642137, 0.9639617, 0.9671119, 0.96320564, 0.96585184, 0.96333164, 0.96471775, 0.96307963, 0.96648186, 0.96610385, 0.96522176, 0.96459174, 0.9671119, 0.9673639, 0.9657258, 0.96648186, 0.96459174, 0.9669859, 0.9669859, 0.96622986, 0.9667339, 0.96812, 0.968624, 0.9674899, 0.967994, 0.9601815, 0.96496975, 0.9673639, 0.96446574, 0.9671119]",1.0,0,10.0,100,2,128,256,39,0.001,0.001,7,0,0.5,0.0001,200,1e-06,8.548432,0,7.906893,8.023436,7.8165836,7.0863333,7.908051,8.7986765,8.256635,7.7955017,10.091305,7.5109816,8.3897,10.191984,8.44138,6.806107,8.161635,9.268197,9.356215,7.581628,8.973092,9.321278
0.5,83.90713500976562,ALL,NN_TEST_ACCURACY,"[0.51283485, 0.70647323, 0.83147323, 0.86997765, 0.89285713, 0.88504463, 0.90345985, 0.92522323, 0.92410713, 0.93247765, 0.92410713, 0.93526787, 0.9441964, 0.94810265, 0.93973213, 0.9514509, 0.953125, 0.94921875, 0.94810265, 0.9447545, 0.953125, 0.95535713, 0.9514509, 0.9542411, 0.9453125, 0.953125, 0.9547991, 0.94977677, 0.9542411, 0.95033485, 0.952567, 0.953125, 0.95033485, 0.953125, 0.95591515, 0.95647323, 0.95535713, 0.95647323, 0.95647323, 0.952567, 0.94810265, 0.9453125, 0.9542411, 0.9542411, 0.95535713, 0.94921875, 0.9547991, 0.9542411, 0.9514509, 0.95814735, 0.94977677, 0.9469866, 0.9542411, 0.95758927, 0.953125, 0.9547991, 0.94921875, 0.952567, 0.95535713, 0.9520089, 0.953683, 0.952567, 0.953683, 0.9514509, 0.94921875, 0.9436384, 0.9447545, 0.94977677, 0.95758927, 0.952567, 0.9542411, 0.9542411, 0.9547991, 0.95535713, 0.94921875, 0.94977677, 0.94810265, 0.953125, 0.94921875, 0.9514509, 0.952567, 0.953683, 0.952567, 0.9464286, 0.9542411, 0.9542411, 0.94977677, 0.94866073, 0.9547991, 0.952567, 0.952567, 0.94866073, 0.953683, 0.953683, 0.9514509, 0.9436384, 0.94921875, 0.952567, 0.9458705, 0.94754463, 0.94921875]",1.0,0,10.0,100,2,128,256,39,0.001,0.001,7,0,0.5,0.0001,200,1e-06,8.548432,0,7.906893,8.023436,7.8165836,7.0863333,7.908051,8.7986765,8.256635,7.7955017,10.091305,7.5109816,8.3897,10.191984,8.44138,6.806107,8.161635,9.268197,9.356215,7.581628,8.973092,9.321278
0.1,3.261044502258301,ABC,C2ST,0.8525000214576721,1.0,0,10.0,100,2,128,256,39,0.001,0.001,7,0,0.5,0.0001,200,1e-06,8.548432,0,7.906893,8.023436,7.8165836,7.0863333,7.908051,8.7986765,8.256635,7.7955017,10.091305,7.5109816,8.3897,10.191984,8.44138,6.806107,8.161635,9.268197,9.356215,7.581628,8.973092,9.321278
0.1,3.261044502258301,ABC,C2ST,0.8529499769210815,1.0,0,10.0,100,2,128,256,39,0.001,0.001,7,0,0.5,0.0001,200,1e-06,8.548432,0,7.906893,8.023436,7.8165836,7.0863333,7.908051,8.7986765,8.256635,7.7955017,10.091305,7.5109816,8.3897,10.191984,8.44138,6.806107,8.161635,9.268197,9.356215,7.581628,8.973092,9.321278
0.1,3.261044502258301,ABC,C2ST,0.8507500290870667,1.0,0,10.0,100,2,128,256,39,0.001,0.001,7,0,0.5,0.0001,200,1e-06,8.548432,0,7.906893,8.023436,7.8165836,7.0863333,7.908051,8.7986765,8.256635,7.7955017,10.091305,7.5109816,8.3897,10.191984,8.44138,6.806107,8.161635,9.268197,9.356215,7.581628,8.973092,9.321278
0.1,3.261044502258301,ABC,RS_stat,11.463985537654917,1.0,0,10.0,100,2,128,256,39,0.001,0.001,7,0,0.5,0.0001,200,1e-06,8.548432,0,7.906893,8.023436,7.8165836,7.0863333,7.908051,8.7986765,8.256635,7.7955017,10.091305,7.5109816,8.3897,10.191984,8.44138,6.806107,8.161635,9.268197,9.356215,7.581628,8.973092,9.321278
0.1,3.261044502258301,ABC,RS_stat,11.293538380794395,1.0,0,10.0,100,2,128,256,39,0.001,0.001,7,0,0.5,0.0001,200,1e-06,8.548432,0,7.906893,8.023436,7.8165836,7.0863333,7.908051,8.7986765,8.256635,7.7955017,10.091305,7.5109816,8.3897,10.191984,8.44138,6.806107,8.161635,9.268197,9.356215,7.581628,8.973092,9.321278
0.1,3.261044502258301,ABC,RS_stat,11.280329837565889,1.0,0,10.0,100,2,128,256,39,0.001,0.001,7,0,0.5,0.0001,200,1e-06,8.548432,0,7.906893,8.023436,7.8165836,7.0863333,7.908051,8.7986765,8.256635,7.7955017,10.091305,7.5109816,8.3897,10.191984,8.44138,6.806107,8.161635,9.268197,9.356215,7.581628,8.973092,9.321278
0.1,3.261044502258301,ABC,RS_pvalue,2.0009045842060466e-30,1.0,0,10.0,100,2,128,256,39,0.001,0.001,7,0,0.5,0.0001,200,1e-06,8.548432,0,7.906893,8.023436,7.8165836,7.0863333,7.908051,8.7986765,8.256635,7.7955017,10.091305,7.5109816,8.3897,10.191984,8.44138,6.806107,8.161635,9.268197,9.356215,7.581628,8.973092,9.321278
0.1,3.261044502258301,ABC,RS_pvalue,1.4123410466415966e-29,1.0,0,10.0,100,2,128,256,39,0.001,0.001,7,0,0.5,0.0001,200,1e-06,8.548432,0,7.906893,8.023436,7.8165836,7.0863333,7.908051,8.7986765,8.256635,7.7955017,10.091305,7.5109816,8.3897,10.191984,8.44138,6.806107,8.161635,9.268197,9.356215,7.581628,8.973092,9.321278
0.1,3.261044502258301,ABC,RS_pvalue,1.6412943401824796e-29,1.0,0,10.0,100,2,128,256,39,0.001,0.001,7,0,0.5,0.0001,200,1e-06,8.548432,0,7.906893,8.023436,7.8165836,7.0863333,7.908051,8.7986765,8.256635,7.7955017,10.091305,7.5109816,8.3897,10.191984,8.44138,6.806107,8.161635,9.268197,9.356215,7.581628,8.973092,9.321278
0.1,3.261044502258301,NRE,C2ST,0.578499972820282,1.0,0,10.0,100,2,128,256,39,0.001,0.001,7,0,0.5,0.0001,200,1e-06,8.548432,0,7.906893,8.023436,7.8165836,7.0863333,7.908051,8.7986765,8.256635,7.7955017,10.091305,7.5109816,8.3897,10.191984,8.44138,6.806107,8.161635,9.268197,9.356215,7.581628,8.973092,9.321278
0.1,3.261044502258301,NRE,C2ST,0.5696499943733215,1.0,0,10.0,100,2,128,256,39,0.001,0.001,7,0,0.5,0.0001,200,1e-06,8.548432,0,7.906893,8.023436,7.8165836,7.0863333,7.908051,8.7986765,8.256635,7.7955017,10.091305,7.5109816,8.3897,10.191984,8.44138,6.806107,8.161635,9.268197,9.356215,7.581628,8.973092,9.321278
0.1,3.261044502258301,NRE,C2ST,0.5751500129699707,1.0,0,10.0,100,2,128,256,39,0.001,0.001,7,0,0.5,0.0001,200,1e-06,8.548432,0,7.906893,8.023436,7.8165836,7.0863333,7.908051,8.7986765,8.256635,7.7955017,10.091305,7.5109816,8.3897,10.191984,8.44138,6.806107,8.161635,9.268197,9.356215,7.581628,8.973092,9.321278
0.1,3.261044502258301,NRE,RS_stat,26.84482770790516,1.0,0,10.0,100,2,128,256,39,0.001,0.001,7,0,0.5,0.0001,200,1e-06,8.548432,0,7.906893,8.023436,7.8165836,7.0863333,7.908051,8.7986765,8.256635,7.7955017,10.091305,7.5109816,8.3897,10.191984,8.44138,6.806107,8.161635,9.268197,9.356215,7.581628,8.973092,9.321278
0.1,3.261044502258301,NRE,RS_stat,25.23789483191046,1.0,0,10.0,100,2,128,256,39,0.001,0.001,7,0,0.5,0.0001,200,1e-06,8.548432,0,7.906893,8.023436,7.8165836,7.0863333,7.908051,8.7986765,8.256635,7.7955017,10.091305,7.5109816,8.3897,10.191984,8.44138,6.806107,8.161635,9.268197,9.356215,7.581628,8.973092,9.321278
0.1,3.261044502258301,NRE,RS_stat,25.47204427597427,1.0,0,10.0,100,2,128,256,39,0.001,0.001,7,0,0.5,0.0001,200,1e-06,8.548432,0,7.906893,8.023436,7.8165836,7.0863333,7.908051,8.7986765,8.256635,7.7955017,10.091305,7.5109816,8.3897,10.191984,8.44138,6.806107,8.161635,9.268197,9.356215,7.581628,8.973092,9.321278
0.1,3.261044502258301,NRE,RS_pvalue,9.692913670366315e-159,1.0,0,10.0,100,2,128,256,39,0.001,0.001,7,0,0.5,0.0001,200,1e-06,8.548432,0,7.906893,8.023436,7.8165836,7.0863333,7.908051,8.7986765,8.256635,7.7955017,10.091305,7.5109816,8.3897,10.191984,8.44138,6.806107,8.161635,9.268197,9.356215,7.581628,8.973092,9.321278
0.1,3.261044502258301,NRE,RS_pvalue,1.5380930982867253e-140,1.0,0,10.0,100,2,128,256,39,0.001,0.001,7,0,0.5,0.0001,200,1e-06,8.548432,0,7.906893,8.023436,7.8165836,7.0863333,7.908051,8.7986765,8.256635,7.7955017,10.091305,7.5109816,8.3897,10.191984,8.44138,6.806107,8.161635,9.268197,9.356215,7.581628,8.973092,9.321278
0.1,3.261044502258301,NRE,RS_pvalue,4.023854384652332e-143,1.0,0,10.0,100,2,128,256,39,0.001,0.001,7,0,0.5,0.0001,200,1e-06,8.548432,0,7.906893,8.023436,7.8165836,7.0863333,7.908051,8.7986765,8.256635,7.7955017,10.091305,7.5109816,8.3897,10.191984,8.44138,6.806107,8.161635,9.268197,9.356215,7.581628,8.973092,9.321278
0.1,3.261044502258301,CORRECTED_NRE,C2ST,0.5820500254631042,1.0,0,10.0,100,2,128,256,39,0.001,0.001,7,0,0.5,0.0001,200,1e-06,8.548432,0,7.906893,8.023436,7.8165836,7.0863333,7.908051,8.7986765,8.256635,7.7955017,10.091305,7.5109816,8.3897,10.191984,8.44138,6.806107,8.161635,9.268197,9.356215,7.581628,8.973092,9.321278
0.1,3.261044502258301,CORRECTED_NRE,C2ST,0.5782999992370605,1.0,0,10.0,100,2,128,256,39,0.001,0.001,7,0,0.5,0.0001,200,1e-06,8.548432,0,7.906893,8.023436,7.8165836,7.0863333,7.908051,8.7986765,8.256635,7.7955017,10.091305,7.5109816,8.3897,10.191984,8.44138,6.806107,8.161635,9.268197,9.356215,7.581628,8.973092,9.321278
0.1,3.261044502258301,CORRECTED_NRE,C2ST,0.5805000066757202,1.0,0,10.0,100,2,128,256,39,0.001,0.001,7,0,0.5,0.0001,200,1e-06,8.548432,0,7.906893,8.023436,7.8165836,7.0863333,7.908051,8.7986765,8.256635,7.7955017,10.091305,7.5109816,8.3897,10.191984,8.44138,6.806107,8.161635,9.268197,9.356215,7.581628,8.973092,9.321278
0.1,3.261044502258301,CORRECTED_NRE,RS_stat,27.52656489734859,1.0,0,10.0,100,2,128,256,39,0.001,0.001,7,0,0.5,0.0001,200,1e-06,8.548432,0,7.906893,8.023436,7.8165836,7.0863333,7.908051,8.7986765,8.256635,7.7955017,10.091305,7.5109816,8.3897,10.191984,8.44138,6.806107,8.161635,9.268197,9.356215,7.581628,8.973092,9.321278
0.1,3.261044502258301,CORRECTED_NRE,RS_stat,27.21923632718467,1.0,0,10.0,100,2,128,256,39,0.001,0.001,7,0,0.5,0.0001,200,1e-06,8.548432,0,7.906893,8.023436,7.8165836,7.0863333,7.908051,8.7986765,8.256635,7.7955017,10.091305,7.5109816,8.3897,10.191984,8.44138,6.806107,8.161635,9.268197,9.356215,7.581628,8.973092,9.321278
0.1,3.261044502258301,CORRECTED_NRE,RS_stat,27.483582325893085,1.0,0,10.0,100,2,128,256,39,0.001,0.001,7,0,0.5,0.0001,200,1e-06,8.548432,0,7.906893,8.023436,7.8165836,7.0863333,7.908051,8.7986765,8.256635,7.7955017,10.091305,7.5109816,8.3897,10.191984,8.44138,6.806107,8.161635,9.268197,9.356215,7.581628,8.973092,9.321278
0.1,3.261044502258301,CORRECTED_NRE,RS_pvalue,8.444916663189878e-167,1.0,0,10.0,100,2,128,256,39,0.001,0.001,7,0,0.5,0.0001,200,1e-06,8.548432,0,7.906893,8.023436,7.8165836,7.0863333,7.908051,8.7986765,8.256635,7.7955017,10.091305,7.5109816,8.3897,10.191984,8.44138,6.806107,8.161635,9.268197,9.356215,7.581628,8.973092,9.321278
0.1,3.261044502258301,CORRECTED_NRE,RS_pvalue,3.84547271110921e-163,1.0,0,10.0,100,2,128,256,39,0.001,0.001,7,0,0.5,0.0001,200,1e-06,8.548432,0,7.906893,8.023436,7.8165836,7.0863333,7.908051,8.7986765,8.256635,7.7955017,10.091305,7.5109816,8.3897,10.191984,8.44138,6.806107,8.161635,9.268197,9.356215,7.581628,8.973092,9.321278
0.1,3.261044502258301,CORRECTED_NRE,RS_pvalue,2.758748103940505e-166,1.0,0,10.0,100,2,128,256,39,0.001,0.001,7,0,0.5,0.0001,200,1e-06,8.548432,0,7.906893,8.023436,7.8165836,7.0863333,7.908051,8.7986765,8.256635,7.7955017,10.091305,7.5109816,8.3897,10.191984,8.44138,6.806107,8.161635,9.268197,9.356215,7.581628,8.973092,9.321278
0.1,3.261044502258301,ALL,TIME_SIMULATION,0.2631819248199463,1.0,0,10.0,100,2,128,256,39,0.001,0.001,7,0,0.5,0.0001,200,1e-06,8.548432,0,7.906893,8.023436,7.8165836,7.0863333,7.908051,8.7986765,8.256635,7.7955017,10.091305,7.5109816,8.3897,10.191984,8.44138,6.806107,8.161635,9.268197,9.356215,7.581628,8.973092,9.321278
0.1,3.261044502258301,ALL,TIME_TRAINING,4.7789528369903564,1.0,0,10.0,100,2,128,256,39,0.001,0.001,7,0,0.5,0.0001,200,1e-06,8.548432,0,7.906893,8.023436,7.8165836,7.0863333,7.908051,8.7986765,8.256635,7.7955017,10.091305,7.5109816,8.3897,10.191984,8.44138,6.806107,8.161635,9.268197,9.356215,7.581628,8.973092,9.321278
0.1,3.261044502258301,ALL,TIME_EVAL,15.324886083602905,1.0,0,10.0,100,2,128,256,39,0.001,0.001,7,0,0.5,0.0001,200,1e-06,8.548432,0,7.906893,8.023436,7.8165836,7.0863333,7.908051,8.7986765,8.256635,7.7955017,10.091305,7.5109816,8.3897,10.191984,8.44138,6.806107,8.161635,9.268197,9.356215,7.581628,8.973092,9.321278
0.1,3.261044502258301,ALL,NN_TRAIN_ACCURACY,"[0.4968498, 0.50504035, 0.51033264, 0.5175151, 0.54158264, 0.5826613, 0.61290324, 0.65914816, 0.6469254, 0.6887601, 0.7424395, 0.7636089, 0.74785787, 0.7899445, 0.79259074, 0.8203125, 0.7986391, 0.83177924, 0.84110385, 0.8344254, 0.8295111, 0.843876, 0.84879035, 0.8456401, 0.8526966, 0.84740424, 0.8548387, 0.8573589, 0.8560988, 0.8501764, 0.85408264, 0.84727824, 0.8533266, 0.8504284, 0.85710686, 0.8529486, 0.8526966, 0.8451361, 0.8582409, 0.859879, 0.8579889, 0.84601814, 0.85420865, 0.84627014, 0.8529486, 0.8515625, 0.8505544, 0.83984375, 0.84715223, 0.85395664, 0.8574849, 0.86151713, 0.86353326, 0.8545867, 0.8576109, 0.85559475, 0.859123, 0.8534526, 0.859627, 0.8607611, 0.8605091, 0.85647684, 0.8534526, 0.86454135, 0.85509074, 0.8535786, 0.8610131, 0.8514365, 0.8534526, 0.85710686, 0.85584676, 0.859627, 0.8560988, 0.8515625, 0.8607611, 0.85723287, 0.8608871, 0.8453881, 0.8562248, 0.85395664, 0.8576109, 0.8545867, 0.859879, 0.85672885, 0.860005, 0.8533266, 0.8606351, 0.86189514, 0.8547127, 0.859249, 0.8582409, 0.86227316, 0.86315525, 0.85597277, 0.86504537, 0.86214715, 0.85597277, 0.8610131, 0.859249, 0.86290324, 0.86277723]",1.0,0,10.0,100,2,128,256,39,0.001,0.001,7,0,0.5,0.0001,200,1e-06,8.548432,0,7.906893,8.023436,7.8165836,7.0863333,7.908051,8.7986765,8.256635,7.7955017,10.091305,7.5109816,8.3897,10.191984,8.44138,6.806107,8.161635,9.268197,9.356215,7.581628,8.973092,9.321278
0.1,3.261044502258301,ALL,NN_TEST_ACCURACY,"[0.5145089, 0.51953125, 0.484375, 0.50390625, 0.5926339, 0.5714286, 0.6863839, 0.7198661, 0.70591515, 0.7098214, 0.7957589, 0.50502235, 0.734375, 0.7734375, 0.8353795, 0.8526786, 0.8353795, 0.84877235, 0.84654015, 0.85379463, 0.8666295, 0.8610491, 0.85435265, 0.8448661, 0.8655134, 0.8426339, 0.858817, 0.8671875, 0.8504464, 0.85546875, 0.8683036, 0.828683, 0.85435265, 0.84877235, 0.8504464, 0.86328125, 0.8353795, 0.86383927, 0.86997765, 0.86941963, 0.84765625, 0.8655134, 0.8364955, 0.81808037, 0.86495537, 0.8532366, 0.85379463, 0.8297991, 0.84598213, 0.8582589, 0.8683036, 0.86272323, 0.8582589, 0.86439735, 0.85714287, 0.8677455, 0.85379463, 0.8364955, 0.8688616, 0.8577009, 0.86272323, 0.86383927, 0.859375, 0.8510045, 0.86439735, 0.85714287, 0.86160713, 0.8577009, 0.8610491, 0.85491073, 0.859375, 0.8655134, 0.85714287, 0.85658485, 0.8521205, 0.85546875, 0.83816963, 0.85546875, 0.8370536, 0.8526786, 0.858817, 0.86328125, 0.86328125, 0.86383927, 0.8671875, 0.8604911, 0.86495537, 0.8655134, 0.86439735, 0.86160713, 0.86216515, 0.86328125, 0.8677455, 0.86439735, 0.86216515, 0.8504464, 0.85435265, 0.8610491, 0.8577009, 0.85546875, 0.859933]",1.0,0,10.0,100,2,128,256,39,0.001,0.001,7,0,0.5,0.0001,200,1e-06,8.548432,0,7.906893,8.023436,7.8165836,7.0863333,7.908051,8.7986765,8.256635,7.7955017,10.091305,7.5109816,8.3897,10.191984,8.44138,6.806107,8.161635,9.268197,9.356215,7.581628,8.973092,9.321278
0.05,0.709698498249054,ABC,C2ST,0.7390999794006348,1.0,0,10.0,100,2,128,256,39,0.001,0.001,7,0,0.5,0.0001,200,1e-06,8.548432,0,7.906893,8.023436,7.8165836,7.0863333,7.908051,8.7986765,8.256635,7.7955017,10.091305,7.5109816,8.3897,10.191984,8.44138,6.806107,8.161635,9.268197,9.356215,7.581628,8.973092,9.321278
0.05,0.709698498249054,ABC,C2ST,0.7362499833106995,1.0,0,10.0,100,2,128,256,39,0.001,0.001,7,0,0.5,0.0001,200,1e-06,8.548432,0,7.906893,8.023436,7.8165836,7.0863333,7.908051,8.7986765,8.256635,7.7955017,10.091305,7.5109816,8.3897,10.191984,8.44138,6.806107,8.161635,9.268197,9.356215,7.581628,8.973092,9.321278
0.05,0.709698498249054,ABC,C2ST,0.739300012588501,1.0,0,10.0,100,2,128,256,39,0.001,0.001,7,0,0.5,0.0001,200,1e-06,8.548432,0,7.906893,8.023436,7.8165836,7.0863333,7.908051,8.7986765,8.256635,7.7955017,10.091305,7.5109816,8.3897,10.191984,8.44138,6.806107,8.161635,9.268197,9.356215,7.581628,8.973092,9.321278
0.05,0.709698498249054,ABC,RS_stat,1.1523679335105133,1.0,0,10.0,100,2,128,256,39,0.001,0.001,7,0,0.5,0.0001,200,1e-06,8.548432,0,7.906893,8.023436,7.8165836,7.0863333,7.908051,8.7986765,8.256635,7.7955017,10.091305,7.5109816,8.3897,10.191984,8.44138,6.806107,8.161635,9.268197,9.356215,7.581628,8.973092,9.321278
0.05,0.709698498249054,ABC,RS_stat,0.9539911680893908,1.0,0,10.0,100,2,128,256,39,0.001,0.001,7,0,0.5,0.0001,200,1e-06,8.548432,0,7.906893,8.023436,7.8165836,7.0863333,7.908051,8.7986765,8.256635,7.7955017,10.091305,7.5109816,8.3897,10.191984,8.44138,6.806107,8.161635,9.268197,9.356215,7.581628,8.973092,9.321278
0.05,0.709698498249054,ABC,RS_stat,1.256967103794884,1.0,0,10.0,100,2,128,256,39,0.001,0.001,7,0,0.5,0.0001,200,1e-06,8.548432,0,7.906893,8.023436,7.8165836,7.0863333,7.908051,8.7986765,8.256635,7.7955017,10.091305,7.5109816,8.3897,10.191984,8.44138,6.806107,8.161635,9.268197,9.356215,7.581628,8.973092,9.321278
0.05,0.709698498249054,ABC,RS_pvalue,0.24916991210906003,1.0,0,10.0,100,2,128,256,39,0.001,0.001,7,0,0.5,0.0001,200,1e-06,8.548432,0,7.906893,8.023436,7.8165836,7.0863333,7.908051,8.7986765,8.256635,7.7955017,10.091305,7.5109816,8.3897,10.191984,8.44138,6.806107,8.161635,9.268197,9.356215,7.581628,8.973092,9.321278
0.05,0.709698498249054,ABC,RS_pvalue,0.34008811299661523,1.0,0,10.0,100,2,128,256,39,0.001,0.001,7,0,0.5,0.0001,200,1e-06,8.548432,0,7.906893,8.023436,7.8165836,7.0863333,7.908051,8.7986765,8.256635,7.7955017,10.091305,7.5109816,8.3897,10.191984,8.44138,6.806107,8.161635,9.268197,9.356215,7.581628,8.973092,9.321278
0.05,0.709698498249054,ABC,RS_pvalue,0.20876554777125456,1.0,0,10.0,100,2,128,256,39,0.001,0.001,7,0,0.5,0.0001,200,1e-06,8.548432,0,7.906893,8.023436,7.8165836,7.0863333,7.908051,8.7986765,8.256635,7.7955017,10.091305,7.5109816,8.3897,10.191984,8.44138,6.806107,8.161635,9.268197,9.356215,7.581628,8.973092,9.321278
0.05,0.709698498249054,NRE,C2ST,0.5285999774932861,1.0,0,10.0,100,2,128,256,39,0.001,0.001,7,0,0.5,0.0001,200,1e-06,8.548432,0,7.906893,8.023436,7.8165836,7.0863333,7.908051,8.7986765,8.256635,7.7955017,10.091305,7.5109816,8.3897,10.191984,8.44138,6.806107,8.161635,9.268197,9.356215,7.581628,8.973092,9.321278
0.05,0.709698498249054,NRE,C2ST,0.5170000195503235,1.0,0,10.0,100,2,128,256,39,0.001,0.001,7,0,0.5,0.0001,200,1e-06,8.548432,0,7.906893,8.023436,7.8165836,7.0863333,7.908051,8.7986765,8.256635,7.7955017,10.091305,7.5109816,8.3897,10.191984,8.44138,6.806107,8.161635,9.268197,9.356215,7.581628,8.973092,9.321278
0.05,0.709698498249054,NRE,C2ST,0.5285500288009644,1.0,0,10.0,100,2,128,256,39,0.001,0.001,7,0,0.5,0.0001,200,1e-06,8.548432,0,7.906893,8.023436,7.8165836,7.0863333,7.908051,8.7986765,8.256635,7.7955017,10.091305,7.5109816,8.3897,10.191984,8.44138,6.806107,8.161635,9.268197,9.356215,7.581628,8.973092,9.321278
0.05,0.709698498249054,NRE,RS_stat,5.892749374153857,1.0,0,10.0,100,2,128,256,39,0.001,0.001,7,0,0.5,0.0001,200,1e-06,8.548432,0,7.906893,8.023436,7.8165836,7.0863333,7.908051,8.7986765,8.256635,7.7955017,10.091305,7.5109816,8.3897,10.191984,8.44138,6.806107,8.161635,9.268197,9.356215,7.581628,8.973092,9.321278
0.05,0.709698498249054,NRE,RS_stat,4.6909434003554376,1.0,0,10.0,100,2,128,256,39,0.001,0.001,7,0,0.5,0.0001,200,1e-06,8.548432,0,7.906893,8.023436,7.8165836,7.0863333,7.908051,8.7986765,8.256635,7.7955017,10.091305,7.5109816,8.3897,10.191984,8.44138,6.806107,8.161635,9.268197,9.356215,7.581628,8.973092,9.321278
0.05,0.709698498249054,NRE,RS_stat,6.924807502930739,1.0,0,10.0,100,2,128,256,39,0.001,0.001,7,0,0.5,0.0001,200,1e-06,8.548432,0,7.906893,8.023436,7.8165836,7.0863333,7.908051,8.7986765,8.256635,7.7955017,10.091305,7.5109816,8.3897,10.191984,8.44138,6.806107,8.161635,9.268197,9.356215,7.581628,8.973092,9.321278
0.05,0.709698498249054,NRE,RS_pvalue,3.798222673861423e-09,1.0,0,10.0,100,2,128,256,39,0.001,0.001,7,0,0.5,0.0001,200,1e-06,8.548432,0,7.906893,8.023436,7.8165836,7.0863333,7.908051,8.7986765,8.256635,7.7955017,10.091305,7.5109816,8.3897,10.191984,8.44138,6.806107,8.161635,9.268197,9.356215,7.581628,8.973092,9.321278
0.05,0.709698498249054,NRE,RS_pvalue,2.7194819969557347e-06,1.0,0,10.0,100,2,128,256,39,0.001,0.001,7,0,0.5,0.0001,200,1e-06,8.548432,0,7.906893,8.023436,7.8165836,7.0863333,7.908051,8.7986765,8.256635,7.7955017,10.091305,7.5109816,8.3897,10.191984,8.44138,6.806107,8.161635,9.268197,9.356215,7.581628,8.973092,9.321278
0.05,0.709698498249054,NRE,RS_pvalue,4.365687499521173e-12,1.0,0,10.0,100,2,128,256,39,0.001,0.001,7,0,0.5,0.0001,200,1e-06,8.548432,0,7.906893,8.023436,7.8165836,7.0863333,7.908051,8.7986765,8.256635,7.7955017,10.091305,7.5109816,8.3897,10.191984,8.44138,6.806107,8.161635,9.268197,9.356215,7.581628,8.973092,9.321278
0.05,0.709698498249054,CORRECTED_NRE,C2ST,0.5205000042915344,1.0,0,10.0,100,2,128,256,39,0.001,0.001,7,0,0.5,0.0001,200,1e-06,8.548432,0,7.906893,8.023436,7.8165836,7.0863333,7.908051,8.7986765,8.256635,7.7955017,10.091305,7.5109816,8.3897,10.191984,8.44138,6.806107,8.161635,9.268197,9.356215,7.581628,8.973092,9.321278
0.05,0.709698498249054,CORRECTED_NRE,C2ST,0.5224000215530396,1.0,0,10.0,100,2,128,256,39,0.001,0.001,7,0,0.5,0.0001,200,1e-06,8.548432,0,7.906893,8.023436,7.8165836,7.0863333,7.908051,8.7986765,8.256635,7.7955017,10.091305,7.5109816,8.3897,10.191984,8.44138,6.806107,8.161635,9.268197,9.356215,7.581628,8.973092,9.321278
0.05,0.709698498249054,CORRECTED_NRE,C2ST,0.5264999866485596,1.0,0,10.0,100,2,128,256,39,0.001,0.001,7,0,0.5,0.0001,200,1e-06,8.548432,0,7.906893,8.023436,7.8165836,7.0863333,7.908051,8.7986765,8.256635,7.7955017,10.091305,7.5109816,8.3897,10.191984,8.44138,6.806107,8.161635,9.268197,9.356215,7.581628,8.973092,9.321278
0.05,0.709698498249054,CORRECTED_NRE,RS_stat,4.56286645782346,1.0,0,10.0,100,2,128,256,39,0.001,0.001,7,0,0.5,0.0001,200,1e-06,8.548432,0,7.906893,8.023436,7.8165836,7.0863333,7.908051,8.7986765,8.256635,7.7955017,10.091305,7.5109816,8.3897,10.191984,8.44138,6.806107,8.161635,9.268197,9.356215,7.581628,8.973092,9.321278
0.05,0.709698498249054,CORRECTED_NRE,RS_stat,4.003845636622609,1.0,0,10.0,100,2,128,256,39,0.001,0.001,7,0,0.5,0.0001,200,1e-06,8.548432,0,7.906893,8.023436,7.8165836,7.0863333,7.908051,8.7986765,8.256635,7.7955017,10.091305,7.5109816,8.3897,10.191984,8.44138,6.806107,8.161635,9.268197,9.356215,7.581628,8.973092,9.321278
0.05,0.709698498249054,CORRECTED_NRE,RS_stat,4.114873332025795,1.0,0,10.0,100,2,128,256,39,0.001,0.001,7,0,0.5,0.0001,200,1e-06,8.548432,0,7.906893,8.023436,7.8165836,7.0863333,7.908051,8.7986765,8.256635,7.7955017,10.091305,7.5109816,8.3897,10.191984,8.44138,6.806107,8.161635,9.268197,9.356215,7.581628,8.973092,9.321278
0.05,0.709698498249054,CORRECTED_NRE,RS_pvalue,5.045991246623172e-06,1.0,0,10.0,100,2,128,256,39,0.001,0.001,7,0,0.5,0.0001,200,1e-06,8.548432,0,7.906893,8.023436,7.8165836,7.0863333,7.908051,8.7986765,8.256635,7.7955017,10.091305,7.5109816,8.3897,10.191984,8.44138,6.806107,8.161635,9.268197,9.356215,7.581628,8.973092,9.321278
0.05,0.709698498249054,CORRECTED_NRE,RS_pvalue,6.232103771999916e-05,1.0,0,10.0,100,2,128,256,39,0.001,0.001,7,0,0.5,0.0001,200,1e-06,8.548432,0,7.906893,8.023436,7.8165836,7.0863333,7.908051,8.7986765,8.256635,7.7955017,10.091305,7.5109816,8.3897,10.191984,8.44138,6.806107,8.161635,9.268197,9.356215,7.581628,8.973092,9.321278
0.05,0.709698498249054,CORRECTED_NRE,RS_pvalue,3.873920899980198e-05,1.0,0,10.0,100,2,128,256,39,0.001,0.001,7,0,0.5,0.0001,200,1e-06,8.548432,0,7.906893,8.023436,7.8165836,7.0863333,7.908051,8.7986765,8.256635,7.7955017,10.091305,7.5109816,8.3897,10.191984,8.44138,6.806107,8.161635,9.268197,9.356215,7.581628,8.973092,9.321278
0.05,0.709698498249054,ALL,TIME_SIMULATION,0.37760281562805176,1.0,0,10.0,100,2,128,256,39,0.001,0.001,7,0,0.5,0.0001,200,1e-06,8.548432,0,7.906893,8.023436,7.8165836,7.0863333,7.908051,8.7986765,8.256635,7.7955017,10.091305,7.5109816,8.3897,10.191984,8.44138,6.806107,8.161635,9.268197,9.356215,7.581628,8.973092,9.321278
0.05,0.709698498249054,ALL,TIME_TRAINING,4.701789140701294,1.0,0,10.0,100,2,128,256,39,0.001,0.001,7,0,0.5,0.0001,200,1e-06,8.548432,0,7.906893,8.023436,7.8165836,7.0863333,7.908051,8.7986765,8.256635,7.7955017,10.091305,7.5109816,8.3897,10.191984,8.44138,6.806107,8.161635,9.268197,9.356215,7.581628,8.973092,9.321278
0.05,0.709698498249054,ALL,TIME_EVAL,12.578871726989746,1.0,0,10.0,100,2,128,256,39,0.001,0.001,7,0,0.5,0.0001,200,1e-06,8.548432,0,7.906893,8.023436,7.8165836,7.0863333,7.908051,8.7986765,8.256635,7.7955017,10.091305,7.5109816,8.3897,10.191984,8.44138,6.806107,8.161635,9.268197,9.356215,7.581628,8.973092,9.321278
0.05,0.709698498249054,ALL,NN_TRAIN_ACCURACY,"[0.50264615, 0.5060484, 0.5069305, 0.5018901, 0.5013861, 0.500252, 0.4954637, 0.50365424, 0.50403225, 0.5061744, 0.50239414, 0.51159275, 0.5126008, 0.50441027, 0.5097026, 0.51045865, 0.515247, 0.530494, 0.52053934, 0.5386845, 0.5453629, 0.5625, 0.562752, 0.5625, 0.562878, 0.5840474, 0.6360887, 0.6359627, 0.6638105, 0.67540324, 0.6783014, 0.69128025, 0.7253024, 0.7115675, 0.7259325, 0.7254284, 0.7487399, 0.72303426, 0.75226814, 0.75252014, 0.73651713, 0.7624748, 0.74621975, 0.7479839, 0.7571825, 0.7518901, 0.7329889, 0.75289816, 0.75264615, 0.75277215, 0.74937, 0.76134074, 0.7623488, 0.7637349, 0.750126, 0.749244, 0.76297885, 0.765121, 0.7546623, 0.7586945, 0.7442036, 0.7597026, 0.7637349, 0.7584425, 0.76045865, 0.76852316, 0.74937, 0.76297885, 0.76272684, 0.75995463, 0.749874, 0.7597026, 0.765625, 0.7608367, 0.7574345, 0.7578125, 0.76272684, 0.7583165, 0.75239414, 0.7644909, 0.765499, 0.750378, 0.75378025, 0.7547883, 0.76058465, 0.7608367, 0.7580645, 0.76159275, 0.77003527, 0.766129, 0.76348287, 0.7565524, 0.76159275, 0.76814514, 0.750252, 0.76272684, 0.76323086, 0.7575605, 0.765877, 0.765877, 0.76335686]",1.0,0,10.0,100,2,128,256,39,0.001,0.001,7,0,0.5,0.0001,200,1e-06,8.548432,0,7.906893,8.023436,7.8165836,7.0863333,7.908051,8.7986765,8.256635,7.7955017,10.091305,7.5109816,8.3897,10.191984,8.44138,6.806107,8.161635,9.268197,9.356215,7.581628,8.973092,9.321278
0.05,0.709698498249054,ALL,NN_TEST_ACCURACY,"[0.4877232, 0.5016741, 0.51897323, 0.50446427, 0.4799107, 0.47042412, 0.5396205, 0.5061384, 0.53348213, 0.48549107, 0.50334823, 0.484375, 0.5011161, 0.5072545, 0.51116073, 0.52845985, 0.54185265, 0.54966515, 0.50279015, 0.5708705, 0.49330357, 0.5139509, 0.546317, 0.515067, 0.58928573, 0.5385045, 0.61160713, 0.6183036, 0.7047991, 0.69810265, 0.69977677, 0.7248884, 0.70089287, 0.7410714, 0.61495537, 0.73939735, 0.73158485, 0.7416295, 0.7410714, 0.66127235, 0.74776787, 0.73828125, 0.73995537, 0.73660713, 0.75, 0.733817, 0.70089287, 0.76116073, 0.75, 0.76283485, 0.76060265, 0.74441963, 0.76004463, 0.7589286, 0.718192, 0.7572545, 0.74720985, 0.75390625, 0.71595985, 0.734375, 0.74609375, 0.750558, 0.73883927, 0.7438616, 0.7578125, 0.7572545, 0.7572545, 0.7511161, 0.7416295, 0.72098213, 0.6953125, 0.76283485, 0.75390625, 0.7572545, 0.733817, 0.7516741, 0.74609375, 0.75502235, 0.73772323, 0.75502235, 0.750558, 0.7416295, 0.74720985, 0.75279015, 0.75279015, 0.74720985, 0.7427455, 0.75, 0.75502235, 0.7516741, 0.74553573, 0.75502235, 0.7416295, 0.73716515, 0.7483259, 0.7516741, 0.75223213, 0.750558, 0.7516741, 0.76004463, 0.75502235]",1.0,0,10.0,100,2,128,256,39,0.001,0.001,7,0,0.5,0.0001,200,1e-06,8.548432,0,7.906893,8.023436,7.8165836,7.0863333,7.908051,8.7986765,8.256635,7.7955017,10.091305,7.5109816,8.3897,10.191984,8.44138,6.806107,8.161635,9.268197,9.356215,7.581628,8.973092,9.321278
0.01,0.026166703552007675,ABC,C2ST,0.5109500288963318,1.0,0,10.0,100,2,128,256,39,0.001,0.001,7,0,0.5,0.0001,200,1e-06,8.548432,0,7.906893,8.023436,7.8165836,7.0863333,7.908051,8.7986765,8.256635,7.7955017,10.091305,7.5109816,8.3897,10.191984,8.44138,6.806107,8.161635,9.268197,9.356215,7.581628,8.973092,9.321278
0.01,0.026166703552007675,ABC,C2ST,0.5110999941825867,1.0,0,10.0,100,2,128,256,39,0.001,0.001,7,0,0.5,0.0001,200,1e-06,8.548432,0,7.906893,8.023436,7.8165836,7.0863333,7.908051,8.7986765,8.256635,7.7955017,10.091305,7.5109816,8.3897,10.191984,8.44138,6.806107,8.161635,9.268197,9.356215,7.581628,8.973092,9.321278
0.01,0.026166703552007675,ABC,C2ST,0.5120000243186951,1.0,0,10.0,100,2,128,256,39,0.001,0.001,7,0,0.5,0.0001,200,1e-06,8.548432,0,7.906893,8.023436,7.8165836,7.0863333,7.908051,8.7986765,8.256635,7.7955017,10.091305,7.5109816,8.3897,10.191984,8.44138,6.806107,8.161635,9.268197,9.356215,7.581628,8.973092,9.321278
0.01,0.026166703552007675,ABC,RS_stat,-1.6394539382932387,1.0,0,10.0,100,2,128,256,39,0.001,0.001,7,0,0.5,0.0001,200,1e-06,8.548432,0,7.906893,8.023436,7.8165836,7.0863333,7.908051,8.7986765,8.256635,7.7955017,10.091305,7.5109816,8.3897,10.191984,8.44138,6.806107,8.161635,9.268197,9.356215,7.581628,8.973092,9.321278
0.01,0.026166703552007675,ABC,RS_stat,-0.052624746776600596,1.0,0,10.0,100,2,128,256,39,0.001,0.001,7,0,0.5,0.0001,200,1e-06,8.548432,0,7.906893,8.023436,7.8165836,7.0863333,7.908051,8.7986765,8.256635,7.7955017,10.091305,7.5109816,8.3897,10.191984,8.44138,6.806107,8.161635,9.268197,9.356215,7.581628,8.973092,9.321278
0.01,0.026166703552007675,ABC,RS_stat,1.5876705702090796,1.0,0,10.0,100,2,128,256,39,0.001,0.001,7,0,0.5,0.0001,200,1e-06,8.548432,0,7.906893,8.023436,7.8165836,7.0863333,7.908051,8.7986765,8.256635,7.7955017,10.091305,7.5109816,8.3897,10.191984,8.44138,6.806107,8.161635,9.268197,9.356215,7.581628,8.973092,9.321278
0.01,0.026166703552007675,ABC,RS_pvalue,0.10111875614317806,1.0,0,10.0,100,2,128,256,39,0.001,0.001,7,0,0.5,0.0001,200,1e-06,8.548432,0,7.906893,8.023436,7.8165836,7.0863333,7.908051,8.7986765,8.256635,7.7955017,10.091305,7.5109816,8.3897,10.191984,8.44138,6.806107,8.161635,9.268197,9.356215,7.581628,8.973092,9.321278
0.01,0.026166703552007675,ABC,RS_pvalue,0.9580308992101971,1.0,0,10.0,100,2,128,256,39,0.001,0.001,7,0,0.5,0.0001,200,1e-06,8.548432,0,7.906893,8.023436,7.8165836,7.0863333,7.908051,8.7986765,8.256635,7.7955017,10.091305,7.5109816,8.3897,10.191984,8.44138,6.806107,8.161635,9.268197,9.356215,7.581628,8.973092,9.321278
0.01,0.026166703552007675,ABC,RS_pvalue,0.11236085121816922,1.0,0,10.0,100,2,128,256,39,0.001,0.001,7,0,0.5,0.0001,200,1e-06,8.548432,0,7.906893,8.023436,7.8165836,7.0863333,7.908051,8.7986765,8.256635,7.7955017,10.091305,7.5109816,8.3897,10.191984,8.44138,6.806107,8.161635,9.268197,9.356215,7.581628,8.973092,9.321278
0.01,0.026166703552007675,NRE,C2ST,0.9790999889373779,1.0,0,10.0,100,2,128,256,39,0.001,0.001,7,0,0.5,0.0001,200,1e-06,8.548432,0,7.906893,8.023436,7.8165836,7.0863333,7.908051,8.7986765,8.256635,7.7955017,10.091305,7.5109816,8.3897,10.191984,8.44138,6.806107,8.161635,9.268197,9.356215,7.581628,8.973092,9.321278
0.01,0.026166703552007675,NRE,C2ST,0.9765499830245972,1.0,0,10.0,100,2,128,256,39,0.001,0.001,7,0,0.5,0.0001,200,1e-06,8.548432,0,7.906893,8.023436,7.8165836,7.0863333,7.908051,8.7986765,8.256635,7.7955017,10.091305,7.5109816,8.3897,10.191984,8.44138,6.806107,8.161635,9.268197,9.356215,7.581628,8.973092,9.321278
0.01,0.026166703552007675,NRE,C2ST,0.9787999987602234,1.0,0,10.0,100,2,128,256,39,0.001,0.001,7,0,0.5,0.0001,200,1e-06,8.548432,0,7.906893,8.023436,7.8165836,7.0863333,7.908051,8.7986765,8.256635,7.7955017,10.091305,7.5109816,8.3897,10.191984,8.44138,6.806107,8.161635,9.268197,9.356215,7.581628,8.973092,9.321278
0.01,0.026166703552007675,NRE,RS_stat,56.339949308431315,1.0,0,10.0,100,2,128,256,39,0.001,0.001,7,0,0.5,0.0001,200,1e-06,8.548432,0,7.906893,8.023436,7.8165836,7.0863333,7.908051,8.7986765,8.256635,7.7955017,10.091305,7.5109816,8.3897,10.191984,8.44138,6.806107,8.161635,9.268197,9.356215,7.581628,8.973092,9.321278
0.01,0.026166703552007675,NRE,RS_stat,57.11450881589344,1.0,0,10.0,100,2,128,256,39,0.001,0.001,7,0,0.5,0.0001,200,1e-06,8.548432,0,7.906893,8.023436,7.8165836,7.0863333,7.908051,8.7986765,8.256635,7.7955017,10.091305,7.5109816,8.3897,10.191984,8.44138,6.806107,8.161635,9.268197,9.356215,7.581628,8.973092,9.321278
0.01,0.026166703552007675,NRE,RS_stat,58.7547992340221,1.0,0,10.0,100,2,128,256,39,0.001,0.001,7,0,0.5,0.0001,200,1e-06,8.548432,0,7.906893,8.023436,7.8165836,7.0863333,7.908051,8.7986765,8.256635,7.7955017,10.091305,7.5109816,8.3897,10.191984,8.44138,6.806107,8.161635,9.268197,9.356215,7.581628,8.973092,9.321278
0.01,0.026166703552007675,NRE,RS_pvalue,0.0,1.0,0,10.0,100,2,128,256,39,0.001,0.001,7,0,0.5,0.0001,200,1e-06,8.548432,0,7.906893,8.023436,7.8165836,7.0863333,7.908051,8.7986765,8.256635,7.7955017,10.091305,7.5109816,8.3897,10.191984,8.44138,6.806107,8.161635,9.268197,9.356215,7.581628,8.973092,9.321278
0.01,0.026166703552007675,NRE,RS_pvalue,0.0,1.0,0,10.0,100,2,128,256,39,0.001,0.001,7,0,0.5,0.0001,200,1e-06,8.548432,0,7.906893,8.023436,7.8165836,7.0863333,7.908051,8.7986765,8.256635,7.7955017,10.091305,7.5109816,8.3897,10.191984,8.44138,6.806107,8.161635,9.268197,9.356215,7.581628,8.973092,9.321278
0.01,0.026166703552007675,NRE,RS_pvalue,0.0,1.0,0,10.0,100,2,128,256,39,0.001,0.001,7,0,0.5,0.0001,200,1e-06,8.548432,0,7.906893,8.023436,7.8165836,7.0863333,7.908051,8.7986765,8.256635,7.7955017,10.091305,7.5109816,8.3897,10.191984,8.44138,6.806107,8.161635,9.268197,9.356215,7.581628,8.973092,9.321278
0.01,0.026166703552007675,CORRECTED_NRE,C2ST,0.513949990272522,1.0,0,10.0,100,2,128,256,39,0.001,0.001,7,0,0.5,0.0001,200,1e-06,8.548432,0,7.906893,8.023436,7.8165836,7.0863333,7.908051,8.7986765,8.256635,7.7955017,10.091305,7.5109816,8.3897,10.191984,8.44138,6.806107,8.161635,9.268197,9.356215,7.581628,8.973092,9.321278
0.01,0.026166703552007675,CORRECTED_NRE,C2ST,0.5187000036239624,1.0,0,10.0,100,2,128,256,39,0.001,0.001,7,0,0.5,0.0001,200,1e-06,8.548432,0,7.906893,8.023436,7.8165836,7.0863333,7.908051,8.7986765,8.256635,7.7955017,10.091305,7.5109816,8.3897,10.191984,8.44138,6.806107,8.161635,9.268197,9.356215,7.581628,8.973092,9.321278
0.01,0.026166703552007675,CORRECTED_NRE,C2ST,0.5070000290870667,1.0,0,10.0,100,2,128,256,39,0.001,0.001,7,0,0.5,0.0001,200,1e-06,8.548432,0,7.906893,8.023436,7.8165836,7.0863333,7.908051,8.7986765,8.256635,7.7955017,10.091305,7.5109816,8.3897,10.191984,8.44138,6.806107,8.161635,9.268197,9.356215,7.581628,8.973092,9.321278
0.01,0.026166703552007675,CORRECTED_NRE,RS_stat,-1.4509740887580271,1.0,0,10.0,100,2,128,256,39,0.001,0.001,7,0,0.5,0.0001,200,1e-06,8.548432,0,7.906893,8.023436,7.8165836,7.0863333,7.908051,8.7986765,8.256635,7.7955017,10.091305,7.5109816,8.3897,10.191984,8.44138,6.806107,8.161635,9.268197,9.356215,7.581628,8.973092,9.321278
0.01,0.026166703552007675,CORRECTED_NRE,RS_stat,-0.9901386092937793,1.0,0,10.0,100,2,128,256,39,0.001,0.001,7,0,0.5,0.0001,200,1e-06,8.548432,0,7.906893,8.023436,7.8165836,7.0863333,7.908051,8.7986765,8.256635,7.7955017,10.091305,7.5109816,8.3897,10.191984,8.44138,6.806107,8.161635,9.268197,9.356215,7.581628,8.973092,9.321278
0.01,0.026166703552007675,CORRECTED_NRE,RS_stat,1.6408243935433728,1.0,0,10.0,100,2,128,256,39,0.001,0.001,7,0,0.5,0.0001,200,1e-06,8.548432,0,7.906893,8.023436,7.8165836,7.0863333,7.908051,8.7986765,8.256635,7.7955017,10.091305,7.5109816,8.3897,10.191984,8.44138,6.806107,8.161635,9.268197,9.356215,7.581628,8.973092,9.321278
0.01,0.026166703552007675,CORRECTED_NRE,RS_pvalue,0.14678707551020778,1.0,0,10.0,100,2,128,256,39,0.001,0.001,7,0,0.5,0.0001,200,1e-06,8.548432,0,7.906893,8.023436,7.8165836,7.0863333,7.908051,8.7986765,8.256635,7.7955017,10.091305,7.5109816,8.3897,10.191984,8.44138,6.806107,8.161635,9.268197,9.356215,7.581628,8.973092,9.321278
0.01,0.026166703552007675,CORRECTED_NRE,RS_pvalue,0.3221063741221797,1.0,0,10.0,100,2,128,256,39,0.001,0.001,7,0,0.5,0.0001,200,1e-06,8.548432,0,7.906893,8.023436,7.8165836,7.0863333,7.908051,8.7986765,8.256635,7.7955017,10.091305,7.5109816,8.3897,10.191984,8.44138,6.806107,8.161635,9.268197,9.356215,7.581628,8.973092,9.321278
0.01,0.026166703552007675,CORRECTED_NRE,RS_pvalue,0.10083387307732733,1.0,0,10.0,100,2,128,256,39,0.001,0.001,7,0,0.5,0.0001,200,1e-06,8.548432,0,7.906893,8.023436,7.8165836,7.0863333,7.908051,8.7986765,8.256635,7.7955017,10.091305,7.5109816,8.3897,10.191984,8.44138,6.806107,8.161635,9.268197,9.356215,7.581628,8.973092,9.321278
0.01,0.026166703552007675,ALL,TIME_SIMULATION,1.6132516860961914,1.0,0,10.0,100,2,128,256,39,0.001,0.001,7,0,0.5,0.0001,200,1e-06,8.548432,0,7.906893,8.023436,7.8165836,7.0863333,7.908051,8.7986765,8.256635,7.7955017,10.091305,7.5109816,8.3897,10.191984,8.44138,6.806107,8.161635,9.268197,9.356215,7.581628,8.973092,9.321278
0.01,0.026166703552007675,ALL,TIME_TRAINING,4.851665258407593,1.0,0,10.0,100,2,128,256,39,0.001,0.001,7,0,0.5,0.0001,200,1e-06,8.548432,0,7.906893,8.023436,7.8165836,7.0863333,7.908051,8.7986765,8.256635,7.7955017,10.091305,7.5109816,8.3897,10.191984,8.44138,6.806107,8.161635,9.268197,9.356215,7.581628,8.973092,9.321278
0.01,0.026166703552007675,ALL,TIME_EVAL,12.572876930236816,1.0,0,10.0,100,2,128,256,39,0.001,0.001,7,0,0.5,0.0001,200,1e-06,8.548432,0,7.906893,8.023436,7.8165836,7.0863333,7.908051,8.7986765,8.256635,7.7955017,10.091305,7.5109816,8.3897,10.191984,8.44138,6.806107,8.161635,9.268197,9.356215,7.581628,8.973092,9.321278
0.01,0.026166703552007675,ALL,NN_TRAIN_ACCURACY,"[0.50264615, 0.5030242, 0.5013861, 0.50415826, 0.5070565, 0.49949595, 0.50063, 0.50378025, 0.5086945, 0.49886593, 0.5110887, 0.4984879, 0.5079385, 0.4971018, 0.500378, 0.51134074, 0.5010081, 0.5020161, 0.48979336, 0.49722782, 0.50516635, 0.4952117, 0.5085685, 0.50239414, 0.50063, 0.50264615, 0.49432963, 0.49911794, 0.49873993, 0.49634576, 0.51008064, 0.50277215, 0.49911794, 0.50441027, 0.49861392, 0.49873993, 0.50428426, 0.5046623, 0.49281755, 0.4983619, 0.49798387, 0.500882, 0.5015121, 0.50352824, 0.5, 0.5012601, 0.50226814, 0.5020161, 0.49798387, 0.50415826, 0.5032762, 0.4953377, 0.50063, 0.49584174, 0.49634576, 0.499874, 0.49886593, 0.49420363, 0.500882, 0.4954637, 0.50504035, 0.50340223, 0.5016381, 0.499748, 0.5071825, 0.49004537, 0.5061744, 0.50289816, 0.50239414, 0.49886593, 0.4919355, 0.49823588, 0.50340223, 0.4969758, 0.50415826, 0.5081905, 0.48513106, 0.49495968, 0.50529236, 0.4906754, 0.50289816, 0.49722782, 0.4876512, 0.5063004, 0.5018901, 0.50378025, 0.49584174, 0.49911794, 0.5031502, 0.500252, 0.48979336, 0.5047883, 0.50252014, 0.4983619, 0.49722782, 0.50390625, 0.5090726, 0.49785787, 0.4921875, 0.5013861, 0.5166331]",1.0,0,10.0,100,2,128,256,39,0.001,0.001,7,0,0.5,0.0001,200,1e-06,8.548432,0,7.906893,8.023436,7.8165836,7.0863333,7.908051,8.7986765,8.256635,7.7955017,10.091305,7.5109816,8.3897,10.191984,8.44138,6.806107,8.161635,9.268197,9.356215,7.581628,8.973092,9.321278
0.01,0.026166703552007675,ALL,NN_TEST_ACCURACY,"[0.4888393, 0.48549107, 0.47767857, 0.4966518, 0.48995537, 0.49107143, 0.50334823, 0.51283485, 0.48046875, 0.49441963, 0.49720982, 0.49162945, 0.49162945, 0.48995537, 0.46819195, 0.48939732, 0.48660713, 0.5066964, 0.48158482, 0.45424107, 0.49720982, 0.49720982, 0.46372768, 0.49776787, 0.49051338, 0.49497768, 0.47823662, 0.48493305, 0.5016741, 0.49162945, 0.49051338, 0.48549107, 0.4877232, 0.47042412, 0.49497768, 0.4966518, 0.4732143, 0.50502235, 0.47488838, 0.49274555, 0.5016741, 0.49386162, 0.49497768, 0.48660713, 0.4888393, 0.4921875, 0.47767857, 0.5016741, 0.5078125, 0.49162945, 0.5089286, 0.49051338, 0.48939732, 0.49441963, 0.4966518, 0.49386162, 0.50390625, 0.5066964, 0.49107143, 0.45703125, 0.48995537, 0.51171875, 0.46149555, 0.4877232, 0.45982143, 0.43861607, 0.47767857, 0.5, 0.4765625, 0.4486607, 0.48660713, 0.48493305, 0.49888393, 0.45870537, 0.46316963, 0.4888393, 0.4888393, 0.48325893, 0.5083705, 0.4609375, 0.5066964, 0.48381695, 0.49051338, 0.4955357, 0.48995537, 0.49051338, 0.48325893, 0.49441963, 0.48214287, 0.49609375, 0.45145088, 0.45926338, 0.49162945, 0.48828125, 0.4921875, 0.48493305, 0.45703125, 0.49441963, 0.4921875, 0.46205357, 0.48549107]",1.0,0,10.0,100,2,128,256,39,0.001,0.001,7,0,0.5,0.0001,200,1e-06,8.548432,0,7.906893,8.023436,7.8165836,7.0863333,7.908051,8.7986765,8.256635,7.7955017,10.091305,7.5109816,8.3897,10.191984,8.44138,6.806107,8.161635,9.268197,9.356215,7.581628,8.973092,9.321278
0.005,0.005724527407437563,ABC,C2ST,0.49950000643730164,1.0,0,10.0,100,2,128,256,39,0.001,0.001,7,0,0.5,0.0001,200,1e-06,8.548432,0,7.906893,8.023436,7.8165836,7.0863333,7.908051,8.7986765,8.256635,7.7955017,10.091305,7.5109816,8.3897,10.191984,8.44138,6.806107,8.161635,9.268197,9.356215,7.581628,8.973092,9.321278
0.005,0.005724527407437563,ABC,C2ST,0.5084999799728394,1.0,0,10.0,100,2,128,256,39,0.001,0.001,7,0,0.5,0.0001,200,1e-06,8.548432,0,7.906893,8.023436,7.8165836,7.0863333,7.908051,8.7986765,8.256635,7.7955017,10.091305,7.5109816,8.3897,10.191984,8.44138,6.806107,8.161635,9.268197,9.356215,7.581628,8.973092,9.321278
0.005,0.005724527407437563,ABC,C2ST,0.5114499926567078,1.0,0,10.0,100,2,128,256,39,0.001,0.001,7,0,0.5,0.0001,200,1e-06,8.548432,0,7.906893,8.023436,7.8165836,7.0863333,7.908051,8.7986765,8.256635,7.7955017,10.091305,7.5109816,8.3897,10.191984,8.44138,6.806107,8.161635,9.268197,9.356215,7.581628,8.973092,9.321278
0.005,0.005724527407437563,ABC,RS_stat,-0.5859314675021896,1.0,0,10.0,100,2,128,256,39,0.001,0.001,7,0,0.5,0.0001,200,1e-06,8.548432,0,7.906893,8.023436,7.8165836,7.0863333,7.908051,8.7986765,8.256635,7.7955017,10.091305,7.5109816,8.3897,10.191984,8.44138,6.806107,8.161635,9.268197,9.356215,7.581628,8.973092,9.321278
0.005,0.005724527407437563,ABC,RS_stat,-0.015081131322745694,1.0,0,10.0,100,2,128,256,39,0.001,0.001,7,0,0.5,0.0001,200,1e-06,8.548432,0,7.906893,8.023436,7.8165836,7.0863333,7.908051,8.7986765,8.256635,7.7955017,10.091305,7.5109816,8.3897,10.191984,8.44138,6.806107,8.161635,9.268197,9.356215,7.581628,8.973092,9.321278
0.005,0.005724527407437563,ABC,RS_stat,-2.2289958634159786,1.0,0,10.0,100,2,128,256,39,0.001,0.001,7,0,0.5,0.0001,200,1e-06,8.548432,0,7.906893,8.023436,7.8165836,7.0863333,7.908051,8.7986765,8.256635,7.7955017,10.091305,7.5109816,8.3897,10.191984,8.44138,6.806107,8.161635,9.268197,9.356215,7.581628,8.973092,9.321278
0.005,0.005724527407437563,ABC,RS_pvalue,0.557921569955001,1.0,0,10.0,100,2,128,256,39,0.001,0.001,7,0,0.5,0.0001,200,1e-06,8.548432,0,7.906893,8.023436,7.8165836,7.0863333,7.908051,8.7986765,8.256635,7.7955017,10.091305,7.5109816,8.3897,10.191984,8.44138,6.806107,8.161635,9.268197,9.356215,7.581628,8.973092,9.321278
0.005,0.005724527407437563,ABC,RS_pvalue,0.9879674542746163,1.0,0,10.0,100,2,128,256,39,0.001,0.001,7,0,0.5,0.0001,200,1e-06,8.548432,0,7.906893,8.023436,7.8165836,7.0863333,7.908051,8.7986765,8.256635,7.7955017,10.091305,7.5109816,8.3897,10.191984,8.44138,6.806107,8.161635,9.268197,9.356215,7.581628,8.973092,9.321278
0.005,0.005724527407437563,ABC,RS_pvalue,0.025814180017987787,1.0,0,10.0,100,2,128,256,39,0.001,0.001,7,0,0.5,0.0001,200,1e-06,8.548432,0,7.906893,8.023436,7.8165836,7.0863333,7.908051,8.7986765,8.256635,7.7955017,10.091305,7.5109816,8.3897,10.191984,8.44138,6.806107,8.161635,9.268197,9.356215,7.581628,8.973092,9.321278
0.005,0.005724527407437563,NRE,C2ST,0.9892500042915344,1.0,0,10.0,100,2,128,256,39,0.001,0.001,7,0,0.5,0.0001,200,1e-06,8.548432,0,7.906893,8.023436,7.8165836,7.0863333,7.908051,8.7986765,8.256635,7.7955017,10.091305,7.5109816,8.3897,10.191984,8.44138,6.806107,8.161635,9.268197,9.356215,7.581628,8.973092,9.321278
0.005,0.005724527407437563,NRE,C2ST,0.9896500110626221,1.0,0,10.0,100,2,128,256,39,0.001,0.001,7,0,0.5,0.0001,200,1e-06,8.548432,0,7.906893,8.023436,7.8165836,7.0863333,7.908051,8.7986765,8.256635,7.7955017,10.091305,7.5109816,8.3897,10.191984,8.44138,6.806107,8.161635,9.268197,9.356215,7.581628,8.973092,9.321278
0.005,0.005724527407437563,NRE,C2ST,0.9900500178337097,1.0,0,10.0,100,2,128,256,39,0.001,0.001,7,0,0.5,0.0001,200,1e-06,8.548432,0,7.906893,8.023436,7.8165836,7.0863333,7.908051,8.7986765,8.256635,7.7955017,10.091305,7.5109816,8.3897,10.191984,8.44138,6.806107,8.161635,9.268197,9.356215,7.581628,8.973092,9.321278
0.005,0.005724527407437563,NRE,RS_stat,83.87245039576864,1.0,0,10.0,100,2,128,256,39,0.001,0.001,7,0,0.5,0.0001,200,1e-06,8.548432,0,7.906893,8.023436,7.8165836,7.0863333,7.908051,8.7986765,8.256635,7.7955017,10.091305,7.5109816,8.3897,10.191984,8.44138,6.806107,8.161635,9.268197,9.356215,7.581628,8.973092,9.321278
0.005,0.005724527407437563,NRE,RS_stat,83.40171922513274,1.0,0,10.0,100,2,128,256,39,0.001,0.001,7,0,0.5,0.0001,200,1e-06,8.548432,0,7.906893,8.023436,7.8165836,7.0863333,7.908051,8.7986765,8.256635,7.7955017,10.091305,7.5109816,8.3897,10.191984,8.44138,6.806107,8.161635,9.268197,9.356215,7.581628,8.973092,9.321278
0.005,0.005724527407437563,NRE,RS_stat,85.79390091459776,1.0,0,10.0,100,2,128,256,39,0.001,0.001,7,0,0.5,0.0001,200,1e-06,8.548432,0,7.906893,8.023436,7.8165836,7.0863333,7.908051,8.7986765,8.256635,7.7955017,10.091305,7.5109816,8.3897,10.191984,8.44138,6.806107,8.161635,9.268197,9.356215,7.581628,8.973092,9.321278
0.005,0.005724527407437563,NRE,RS_pvalue,0.0,1.0,0,10.0,100,2,128,256,39,0.001,0.001,7,0,0.5,0.0001,200,1e-06,8.548432,0,7.906893,8.023436,7.8165836,7.0863333,7.908051,8.7986765,8.256635,7.7955017,10.091305,7.5109816,8.3897,10.191984,8.44138,6.806107,8.161635,9.268197,9.356215,7.581628,8.973092,9.321278
0.005,0.005724527407437563,NRE,RS_pvalue,0.0,1.0,0,10.0,100,2,128,256,39,0.001,0.001,7,0,0.5,0.0001,200,1e-06,8.548432,0,7.906893,8.023436,7.8165836,7.0863333,7.908051,8.7986765,8.256635,7.7955017,10.091305,7.5109816,8.3897,10.191984,8.44138,6.806107,8.161635,9.268197,9.356215,7.581628,8.973092,9.321278
0.005,0.005724527407437563,NRE,RS_pvalue,0.0,1.0,0,10.0,100,2,128,256,39,0.001,0.001,7,0,0.5,0.0001,200,1e-06,8.548432,0,7.906893,8.023436,7.8165836,7.0863333,7.908051,8.7986765,8.256635,7.7955017,10.091305,7.5109816,8.3897,10.191984,8.44138,6.806107,8.161635,9.268197,9.356215,7.581628,8.973092,9.321278
0.005,0.005724527407437563,CORRECTED_NRE,C2ST,0.5025500059127808,1.0,0,10.0,100,2,128,256,39,0.001,0.001,7,0,0.5,0.0001,200,1e-06,8.548432,0,7.906893,8.023436,7.8165836,7.0863333,7.908051,8.7986765,8.256635,7.7955017,10.091305,7.5109816,8.3897,10.191984,8.44138,6.806107,8.161635,9.268197,9.356215,7.581628,8.973092,9.321278
0.005,0.005724527407437563,CORRECTED_NRE,C2ST,0.5101000070571899,1.0,0,10.0,100,2,128,256,39,0.001,0.001,7,0,0.5,0.0001,200,1e-06,8.548432,0,7.906893,8.023436,7.8165836,7.0863333,7.908051,8.7986765,8.256635,7.7955017,10.091305,7.5109816,8.3897,10.191984,8.44138,6.806107,8.161635,9.268197,9.356215,7.581628,8.973092,9.321278
0.005,0.005724527407437563,CORRECTED_NRE,C2ST,0.5119500160217285,1.0,0,10.0,100,2,128,256,39,0.001,0.001,7,0,0.5,0.0001,200,1e-06,8.548432,0,7.906893,8.023436,7.8165836,7.0863333,7.908051,8.7986765,8.256635,7.7955017,10.091305,7.5109816,8.3897,10.191984,8.44138,6.806107,8.161635,9.268197,9.356215,7.581628,8.973092,9.321278
0.005,0.005724527407437563,CORRECTED_NRE,RS_stat,-1.8920120623076915,1.0,0,10.0,100,2,128,256,39,0.001,0.001,7,0,0.5,0.0001,200,1e-06,8.548432,0,7.906893,8.023436,7.8165836,7.0863333,7.908051,8.7986765,8.256635,7.7955017,10.091305,7.5109816,8.3897,10.191984,8.44138,6.806107,8.161635,9.268197,9.356215,7.581628,8.973092,9.321278
0.005,0.005724527407437563,CORRECTED_NRE,RS_stat,-2.0465967201514697,1.0,0,10.0,100,2,128,256,39,0.001,0.001,7,0,0.5,0.0001,200,1e-06,8.548432,0,7.906893,8.023436,7.8165836,7.0863333,7.908051,8.7986765,8.256635,7.7955017,10.091305,7.5109816,8.3897,10.191984,8.44138,6.806107,8.161635,9.268197,9.356215,7.581628,8.973092,9.321278
0.005,0.005724527407437563,CORRECTED_NRE,RS_stat,-3.1903389911716387,1.0,0,10.0,100,2,128,256,39,0.001,0.001,7,0,0.5,0.0001,200,1e-06,8.548432,0,7.906893,8.023436,7.8165836,7.0863333,7.908051,8.7986765,8.256635,7.7955017,10.091305,7.5109816,8.3897,10.191984,8.44138,6.806107,8.161635,9.268197,9.356215,7.581628,8.973092,9.321278
0.005,0.005724527407437563,CORRECTED_NRE,RS_pvalue,0.05848937367388439,1.0,0,10.0,100,2,128,256,39,0.001,0.001,7,0,0.5,0.0001,200,1e-06,8.548432,0,7.906893,8.023436,7.8165836,7.0863333,7.908051,8.7986765,8.256635,7.7955017,10.091305,7.5109816,8.3897,10.191984,8.44138,6.806107,8.161635,9.268197,9.356215,7.581628,8.973092,9.321278
0.005,0.005724527407437563,CORRECTED_NRE,RS_pvalue,0.04069769715820536,1.0,0,10.0,100,2,128,256,39,0.001,0.001,7,0,0.5,0.0001,200,1e-06,8.548432,0,7.906893,8.023436,7.8165836,7.0863333,7.908051,8.7986765,8.256635,7.7955017,10.091305,7.5109816,8.3897,10.191984,8.44138,6.806107,8.161635,9.268197,9.356215,7.581628,8.973092,9.321278
0.005,0.005724527407437563,CORRECTED_NRE,RS_pvalue,0.0014210599927562185,1.0,0,10.0,100,2,128,256,39,0.001,0.001,7,0,0.5,0.0001,200,1e-06,8.548432,0,7.906893,8.023436,7.8165836,7.0863333,7.908051,8.7986765,8.256635,7.7955017,10.091305,7.5109816,8.3897,10.191984,8.44138,6.806107,8.161635,9.268197,9.356215,7.581628,8.973092,9.321278
0.005,0.005724527407437563,ALL,TIME_SIMULATION,3.4762401580810547,1.0,0,10.0,100,2,128,256,39,0.001,0.001,7,0,0.5,0.0001,200,1e-06,8.548432,0,7.906893,8.023436,7.8165836,7.0863333,7.908051,8.7986765,8.256635,7.7955017,10.091305,7.5109816,8.3897,10.191984,8.44138,6.806107,8.161635,9.268197,9.356215,7.581628,8.973092,9.321278
0.005,0.005724527407437563,ALL,TIME_TRAINING,4.833197832107544,1.0,0,10.0,100,2,128,256,39,0.001,0.001,7,0,0.5,0.0001,200,1e-06,8.548432,0,7.906893,8.023436,7.8165836,7.0863333,7.908051,8.7986765,8.256635,7.7955017,10.091305,7.5109816,8.3897,10.191984,8.44138,6.806107,8.161635,9.268197,9.356215,7.581628,8.973092,9.321278
0.005,0.005724527407437563,ALL,TIME_EVAL,12.633680820465088,1.0,0,10.0,100,2,128,256,39,0.001,0.001,7,0,0.5,0.0001,200,1e-06,8.548432,0,7.906893,8.023436,7.8165836,7.0863333,7.908051,8.7986765,8.256635,7.7955017,10.091305,7.5109816,8.3897,10.191984,8.44138,6.806107,8.161635,9.268197,9.356215,7.581628,8.973092,9.321278
0.005,0.005724527407437563,ALL,NN_TRAIN_ACCURACY,"[0.50239414, 0.500378, 0.500252, 0.5046623, 0.50226814, 0.5069305, 0.5018901, 0.4950857, 0.4952117, 0.5086945, 0.5071825, 0.499622, 0.49420363, 0.49332157, 0.49483368, 0.49395162, 0.499622, 0.50277215, 0.5080645, 0.4971018, 0.4938256, 0.4971018, 0.50390625, 0.4936996, 0.51033264, 0.499622, 0.49445564, 0.4936996, 0.49483368, 0.500126, 0.5016381, 0.49949595, 0.499874, 0.50390625, 0.4925655, 0.5015121, 0.5057964, 0.5098286, 0.5061744, 0.4920615, 0.49911794, 0.4952117, 0.4984879, 0.5071825, 0.5010081, 0.5012601, 0.49886593, 0.499874, 0.4925655, 0.50264615, 0.5091986, 0.4954637, 0.5081905, 0.49092743, 0.50365424, 0.50504035, 0.4858871, 0.5075605, 0.49571574, 0.5098286, 0.50352824, 0.50428426, 0.50214213, 0.50541836, 0.50504035, 0.5032762, 0.50277215, 0.4955897, 0.49407762, 0.50264615, 0.50226814, 0.49899194, 0.51222277, 0.50365424, 0.51008064, 0.49395162, 0.50264615, 0.500378, 0.5076865, 0.5084425, 0.50441027, 0.50252014, 0.51146674, 0.51008064, 0.50277215, 0.5108367, 0.5011341, 0.51197076, 0.5045363, 0.515247, 0.5030242, 0.515499, 0.51171875, 0.50403225, 0.50541836, 0.50995463, 0.5094506, 0.49924394, 0.50352824, 0.50239414, 0.49899194]",1.0,0,10.0,100,2,128,256,39,0.001,0.001,7,0,0.5,0.0001,200,1e-06,8.548432,0,7.906893,8.023436,7.8165836,7.0863333,7.908051,8.7986765,8.256635,7.7955017,10.091305,7.5109816,8.3897,10.191984,8.44138,6.806107,8.161635,9.268197,9.356215,7.581628,8.973092,9.321278
0.005,0.005724527407437563,ALL,NN_TEST_ACCURACY,"[0.4955357, 0.48549107, 0.47935268, 0.5066964, 0.49330357, 0.4966518, 0.49386162, 0.5, 0.47823662, 0.49386162, 0.48939732, 0.48381695, 0.47879463, 0.50390625, 0.47042412, 0.5061384, 0.49944195, 0.50446427, 0.46930805, 0.47265625, 0.49107143, 0.4955357, 0.49888393, 0.4654018, 0.4888393, 0.47712055, 0.48716518, 0.4921875, 0.51060265, 0.49386162, 0.48939732, 0.49832588, 0.48604912, 0.4955357, 0.49888393, 0.4888393, 0.50558037, 0.49441963, 0.4732143, 0.46875, 0.4810268, 0.45200893, 0.46316963, 0.48325893, 0.46037945, 0.49497768, 0.47823662, 0.4497768, 0.49386162, 0.45982143, 0.4419643, 0.4453125, 0.49497768, 0.4955357, 0.5083705, 0.48604912, 0.5, 0.453125, 0.49609375, 0.46707588, 0.4720982, 0.48939732, 0.45033482, 0.4810268, 0.45200893, 0.44419643, 0.48270088, 0.5066964, 0.46763393, 0.46763393, 0.45145088, 0.43917412, 0.49776787, 0.4341518, 0.43638393, 0.47823662, 0.43470982, 0.43694195, 0.4732143, 0.49944195, 0.4810268, 0.48549107, 0.49609375, 0.49162945, 0.42689732, 0.49609375, 0.47879463, 0.46484375, 0.4453125, 0.45145088, 0.49776787, 0.46763393, 0.48325893, 0.46261162, 0.45033482, 0.43191963, 0.43080357, 0.49888393, 0.46316963, 0.46986607, 0.4408482]",1.0,0,10.0,100,2,128,256,39,0.001,0.001,7,0,0.5,0.0001,200,1e-06,8.548432,0,7.906893,8.023436,7.8165836,7.0863333,7.908051,8.7986765,8.256635,7.7955017,10.091305,7.5109816,8.3897,10.191984,8.44138,6.806107,8.161635,9.268197,9.356215,7.581628,8.973092,9.321278
0.001,0.0001907564146677032,ABC,C2ST,0.4984999895095825,1.0,0,10.0,100,2,128,256,39,0.001,0.001,7,0,0.5,0.0001,200,1e-06,8.548432,0,7.906893,8.023436,7.8165836,7.0863333,7.908051,8.7986765,8.256635,7.7955017,10.091305,7.5109816,8.3897,10.191984,8.44138,6.806107,8.161635,9.268197,9.356215,7.581628,8.973092,9.321278
0.001,0.0001907564146677032,ABC,C2ST,0.5004000067710876,1.0,0,10.0,100,2,128,256,39,0.001,0.001,7,0,0.5,0.0001,200,1e-06,8.548432,0,7.906893,8.023436,7.8165836,7.0863333,7.908051,8.7986765,8.256635,7.7955017,10.091305,7.5109816,8.3897,10.191984,8.44138,6.806107,8.161635,9.268197,9.356215,7.581628,8.973092,9.321278
0.001,0.0001907564146677032,ABC,C2ST,0.5074999928474426,1.0,0,10.0,100,2,128,256,39,0.001,0.001,7,0,0.5,0.0001,200,1e-06,8.548432,0,7.906893,8.023436,7.8165836,7.0863333,7.908051,8.7986765,8.256635,7.7955017,10.091305,7.5109816,8.3897,10.191984,8.44138,6.806107,8.161635,9.268197,9.356215,7.581628,8.973092,9.321278
0.001,0.0001907564146677032,ABC,RS_stat,-1.6865882910695251,1.0,0,10.0,100,2,128,256,39,0.001,0.001,7,0,0.5,0.0001,200,1e-06,8.548432,0,7.906893,8.023436,7.8165836,7.0863333,7.908051,8.7986765,8.256635,7.7955017,10.091305,7.5109816,8.3897,10.191984,8.44138,6.806107,8.161635,9.268197,9.356215,7.581628,8.973092,9.321278
0.001,0.0001907564146677032,ABC,RS_stat,-3.005492868827802,1.0,0,10.0,100,2,128,256,39,0.001,0.001,7,0,0.5,0.0001,200,1e-06,8.548432,0,7.906893,8.023436,7.8165836,7.0863333,7.908051,8.7986765,8.256635,7.7955017,10.091305,7.5109816,8.3897,10.191984,8.44138,6.806107,8.161635,9.268197,9.356215,7.581628,8.973092,9.321278
0.001,0.0001907564146677032,ABC,RS_stat,-2.397443061899854,1.0,0,10.0,100,2,128,256,39,0.001,0.001,7,0,0.5,0.0001,200,1e-06,8.548432,0,7.906893,8.023436,7.8165836,7.0863333,7.908051,8.7986765,8.256635,7.7955017,10.091305,7.5109816,8.3897,10.191984,8.44138,6.806107,8.161635,9.268197,9.356215,7.581628,8.973092,9.321278
0.001,0.0001907564146677032,ABC,RS_pvalue,0.0916825449676157,1.0,0,10.0,100,2,128,256,39,0.001,0.001,7,0,0.5,0.0001,200,1e-06,8.548432,0,7.906893,8.023436,7.8165836,7.0863333,7.908051,8.7986765,8.256635,7.7955017,10.091305,7.5109816,8.3897,10.191984,8.44138,6.806107,8.161635,9.268197,9.356215,7.581628,8.973092,9.321278
0.001,0.0001907564146677032,ABC,RS_pvalue,0.002651508134671169,1.0,0,10.0,100,2,128,256,39,0.001,0.001,7,0,0.5,0.0001,200,1e-06,8.548432,0,7.906893,8.023436,7.8165836,7.0863333,7.908051,8.7986765,8.256635,7.7955017,10.091305,7.5109816,8.3897,10.191984,8.44138,6.806107,8.161635,9.268197,9.356215,7.581628,8.973092,9.321278
0.001,0.0001907564146677032,ABC,RS_pvalue,0.01650994669263782,1.0,0,10.0,100,2,128,256,39,0.001,0.001,7,0,0.5,0.0001,200,1e-06,8.548432,0,7.906893,8.023436,7.8165836,7.0863333,7.908051,8.7986765,8.256635,7.7955017,10.091305,7.5109816,8.3897,10.191984,8.44138,6.806107,8.161635,9.268197,9.356215,7.581628,8.973092,9.321278
0.001,0.0001907564146677032,NRE,C2ST,0.9699000120162964,1.0,0,10.0,100,2,128,256,39,0.001,0.001,7,0,0.5,0.0001,200,1e-06,8.548432,0,7.906893,8.023436,7.8165836,7.0863333,7.908051,8.7986765,8.256635,7.7955017,10.091305,7.5109816,8.3897,10.191984,8.44138,6.806107,8.161635,9.268197,9.356215,7.581628,8.973092,9.321278
0.001,0.0001907564146677032,NRE,C2ST,0.9706500172615051,1.0,0,10.0,100,2,128,256,39,0.001,0.001,7,0,0.5,0.0001,200,1e-06,8.548432,0,7.906893,8.023436,7.8165836,7.0863333,7.908051,8.7986765,8.256635,7.7955017,10.091305,7.5109816,8.3897,10.191984,8.44138,6.806107,8.161635,9.268197,9.356215,7.581628,8.973092,9.321278
0.001,0.0001907564146677032,NRE,C2ST,0.9714999794960022,1.0,0,10.0,100,2,128,256,39,0.001,0.001,7,0,0.5,0.0001,200,1e-06,8.548432,0,7.906893,8.023436,7.8165836,7.0863333,7.908051,8.7986765,8.256635,7.7955017,10.091305,7.5109816,8.3897,10.191984,8.44138,6.806107,8.161635,9.268197,9.356215,7.581628,8.973092,9.321278
0.001,0.0001907564146677032,NRE,RS_stat,51.28874763728613,1.0,0,10.0,100,2,128,256,39,0.001,0.001,7,0,0.5,0.0001,200,1e-06,8.548432,0,7.906893,8.023436,7.8165836,7.0863333,7.908051,8.7986765,8.256635,7.7955017,10.091305,7.5109816,8.3897,10.191984,8.44138,6.806107,8.161635,9.268197,9.356215,7.581628,8.973092,9.321278
0.001,0.0001907564146677032,NRE,RS_stat,53.95868839596848,1.0,0,10.0,100,2,128,256,39,0.001,0.001,7,0,0.5,0.0001,200,1e-06,8.548432,0,7.906893,8.023436,7.8165836,7.0863333,7.908051,8.7986765,8.256635,7.7955017,10.091305,7.5109816,8.3897,10.191984,8.44138,6.806107,8.161635,9.268197,9.356215,7.581628,8.973092,9.321278
0.001,0.0001907564146677032,NRE,RS_stat,51.70540767361156,1.0,0,10.0,100,2,128,256,39,0.001,0.001,7,0,0.5,0.0001,200,1e-06,8.548432,0,7.906893,8.023436,7.8165836,7.0863333,7.908051,8.7986765,8.256635,7.7955017,10.091305,7.5109816,8.3897,10.191984,8.44138,6.806107,8.161635,9.268197,9.356215,7.581628,8.973092,9.321278
0.001,0.0001907564146677032,NRE,RS_pvalue,0.0,1.0,0,10.0,100,2,128,256,39,0.001,0.001,7,0,0.5,0.0001,200,1e-06,8.548432,0,7.906893,8.023436,7.8165836,7.0863333,7.908051,8.7986765,8.256635,7.7955017,10.091305,7.5109816,8.3897,10.191984,8.44138,6.806107,8.161635,9.268197,9.356215,7.581628,8.973092,9.321278
0.001,0.0001907564146677032,NRE,RS_pvalue,0.0,1.0,0,10.0,100,2,128,256,39,0.001,0.001,7,0,0.5,0.0001,200,1e-06,8.548432,0,7.906893,8.023436,7.8165836,7.0863333,7.908051,8.7986765,8.256635,7.7955017,10.091305,7.5109816,8.3897,10.191984,8.44138,6.806107,8.161635,9.268197,9.356215,7.581628,8.973092,9.321278
0.001,0.0001907564146677032,NRE,RS_pvalue,0.0,1.0,0,10.0,100,2,128,256,39,0.001,0.001,7,0,0.5,0.0001,200,1e-06,8.548432,0,7.906893,8.023436,7.8165836,7.0863333,7.908051,8.7986765,8.256635,7.7955017,10.091305,7.5109816,8.3897,10.191984,8.44138,6.806107,8.161635,9.268197,9.356215,7.581628,8.973092,9.321278
0.001,0.0001907564146677032,CORRECTED_NRE,C2ST,0.4991999864578247,1.0,0,10.0,100,2,128,256,39,0.001,0.001,7,0,0.5,0.0001,200,1e-06,8.548432,0,7.906893,8.023436,7.8165836,7.0863333,7.908051,8.7986765,8.256635,7.7955017,10.091305,7.5109816,8.3897,10.191984,8.44138,6.806107,8.161635,9.268197,9.356215,7.581628,8.973092,9.321278
0.001,0.0001907564146677032,CORRECTED_NRE,C2ST,0.49755001068115234,1.0,0,10.0,100,2,128,256,39,0.001,0.001,7,0,0.5,0.0001,200,1e-06,8.548432,0,7.906893,8.023436,7.8165836,7.0863333,7.908051,8.7986765,8.256635,7.7955017,10.091305,7.5109816,8.3897,10.191984,8.44138,6.806107,8.161635,9.268197,9.356215,7.581628,8.973092,9.321278
0.001,0.0001907564146677032,CORRECTED_NRE,C2ST,0.5119500160217285,1.0,0,10.0,100,2,128,256,39,0.001,0.001,7,0,0.5,0.0001,200,1e-06,8.548432,0,7.906893,8.023436,7.8165836,7.0863333,7.908051,8.7986765,8.256635,7.7955017,10.091305,7.5109816,8.3897,10.191984,8.44138,6.806107,8.161635,9.268197,9.356215,7.581628,8.973092,9.321278
0.001,0.0001907564146677032,CORRECTED_NRE,RS_stat,-0.920640974240951,1.0,0,10.0,100,2,128,256,39,0.001,0.001,7,0,0.5,0.0001,200,1e-06,8.548432,0,7.906893,8.023436,7.8165836,7.0863333,7.908051,8.7986765,8.256635,7.7955017,10.091305,7.5109816,8.3897,10.191984,8.44138,6.806107,8.161635,9.268197,9.356215,7.581628,8.973092,9.321278
0.001,0.0001907564146677032,CORRECTED_NRE,RS_stat,-2.3577586459301503,1.0,0,10.0,100,2,128,256,39,0.001,0.001,7,0,0.5,0.0001,200,1e-06,8.548432,0,7.906893,8.023436,7.8165836,7.0863333,7.908051,8.7986765,8.256635,7.7955017,10.091305,7.5109816,8.3897,10.191984,8.44138,6.806107,8.161635,9.268197,9.356215,7.581628,8.973092,9.321278
0.001,0.0001907564146677032,CORRECTED_NRE,RS_stat,-2.7016216670026947,1.0,0,10.0,100,2,128,256,39,0.001,0.001,7,0,0.5,0.0001,200,1e-06,8.548432,0,7.906893,8.023436,7.8165836,7.0863333,7.908051,8.7986765,8.256635,7.7955017,10.091305,7.5109816,8.3897,10.191984,8.44138,6.806107,8.161635,9.268197,9.356215,7.581628,8.973092,9.321278
0.001,0.0001907564146677032,CORRECTED_NRE,RS_pvalue,0.357237902416063,1.0,0,10.0,100,2,128,256,39,0.001,0.001,7,0,0.5,0.0001,200,1e-06,8.548432,0,7.906893,8.023436,7.8165836,7.0863333,7.908051,8.7986765,8.256635,7.7955017,10.091305,7.5109816,8.3897,10.191984,8.44138,6.806107,8.161635,9.268197,9.356215,7.581628,8.973092,9.321278
0.001,0.0001907564146677032,CORRECTED_NRE,RS_pvalue,0.01838564230011783,1.0,0,10.0,100,2,128,256,39,0.001,0.001,7,0,0.5,0.0001,200,1e-06,8.548432,0,7.906893,8.023436,7.8165836,7.0863333,7.908051,8.7986765,8.256635,7.7955017,10.091305,7.5109816,8.3897,10.191984,8.44138,6.806107,8.161635,9.268197,9.356215,7.581628,8.973092,9.321278
0.001,0.0001907564146677032,CORRECTED_NRE,RS_pvalue,0.006900222934259287,1.0,0,10.0,100,2,128,256,39,0.001,0.001,7,0,0.5,0.0001,200,1e-06,8.548432,0,7.906893,8.023436,7.8165836,7.0863333,7.908051,8.7986765,8.256635,7.7955017,10.091305,7.5109816,8.3897,10.191984,8.44138,6.806107,8.161635,9.268197,9.356215,7.581628,8.973092,9.321278
0.001,0.0001907564146677032,ALL,TIME_SIMULATION,16.447697162628174,1.0,0,10.0,100,2,128,256,39,0.001,0.001,7,0,0.5,0.0001,200,1e-06,8.548432,0,7.906893,8.023436,7.8165836,7.0863333,7.908051,8.7986765,8.256635,7.7955017,10.091305,7.5109816,8.3897,10.191984,8.44138,6.806107,8.161635,9.268197,9.356215,7.581628,8.973092,9.321278
0.001,0.0001907564146677032,ALL,TIME_TRAINING,4.778095006942749,1.0,0,10.0,100,2,128,256,39,0.001,0.001,7,0,0.5,0.0001,200,1e-06,8.548432,0,7.906893,8.023436,7.8165836,7.0863333,7.908051,8.7986765,8.256635,7.7955017,10.091305,7.5109816,8.3897,10.191984,8.44138,6.806107,8.161635,9.268197,9.356215,7.581628,8.973092,9.321278
0.001,0.0001907564146677032,ALL,TIME_EVAL,12.29450798034668,1.0,0,10.0,100,2,128,256,39,0.001,0.001,7,0,0.5,0.0001,200,1e-06,8.548432,0,7.906893,8.023436,7.8165836,7.0863333,7.908051,8.7986765,8.256635,7.7955017,10.091305,7.5109816,8.3897,10.191984,8.44138,6.806107,8.161635,9.268197,9.356215,7.581628,8.973092,9.321278
0.001,0.0001907564146677032,ALL,NN_TRAIN_ACCURACY,"[0.49911794, 0.49773186, 0.49458164, 0.4968498, 0.50252014, 0.49117944, 0.4965978, 0.49495968, 0.49747983, 0.50277215, 0.49357358, 0.5047883, 0.50390625, 0.49609375, 0.4984879, 0.5012601, 0.49168345, 0.49609375, 0.4984879, 0.49823588, 0.5064264, 0.49722782, 0.4955897, 0.5075605, 0.49722782, 0.5061744, 0.5046623, 0.5013861, 0.5060484, 0.49936995, 0.49873993, 0.5016381, 0.5031502, 0.5086945, 0.49634576, 0.5032762, 0.50063, 0.499622, 0.50567037, 0.50352824, 0.49899194, 0.5010081, 0.50529236, 0.500252, 0.51184475, 0.49609375, 0.4925655, 0.5065524, 0.5032762, 0.5057964, 0.5031502, 0.50504035, 0.49924394, 0.5, 0.5015121, 0.49634576, 0.4967238, 0.5011341, 0.49823588, 0.51071066, 0.5110887, 0.5057964, 0.49281755, 0.49911794, 0.49445564, 0.500504, 0.50428426, 0.5108367, 0.49949595, 0.5064264, 0.49760586, 0.5065524, 0.5017641, 0.50428426, 0.51348287, 0.5065524, 0.50365424, 0.51058465, 0.51020664, 0.50378025, 0.500756, 0.49861392, 0.5020161, 0.515247, 0.50214213, 0.5091986, 0.5083165, 0.49873993, 0.50239414, 0.515121, 0.5071825, 0.5089466, 0.5090726, 0.50063, 0.5079385, 0.50995463, 0.51008064, 0.5095766, 0.51222277, 0.514869, 0.5076865]",1.0,0,10.0,100,2,128,256,39,0.001,0.001,7,0,0.5,0.0001,200,1e-06,8.548432,0,7.906893,8.023436,7.8165836,7.0863333,7.908051,8.7986765,8.256635,7.7955017,10.091305,7.5109816,8.3897,10.191984,8.44138,6.806107,8.161635,9.268197,9.356215,7.581628,8.973092,9.321278
0.001,0.0001907564146677032,ALL,NN_TEST_ACCURACY,"[0.5078125, 0.48604912, 0.48214287, 0.49274555, 0.5094866, 0.5089286, 0.4877232, 0.46372768, 0.48158482, 0.50223213, 0.48549107, 0.47265625, 0.50334823, 0.48325893, 0.49274555, 0.51227677, 0.484375, 0.46205357, 0.49832588, 0.48158482, 0.47042412, 0.4921875, 0.5066964, 0.49497768, 0.5066964, 0.49274555, 0.49609375, 0.45926338, 0.46484375, 0.5083705, 0.46819195, 0.50223213, 0.45145088, 0.49386162, 0.47767857, 0.49609375, 0.49888393, 0.47823662, 0.47154018, 0.44363838, 0.50223213, 0.44308037, 0.4654018, 0.5072545, 0.4966518, 0.49162945, 0.47265625, 0.4888393, 0.44587055, 0.48549107, 0.49274555, 0.45535713, 0.4486607, 0.49107143, 0.43136162, 0.48716518, 0.43191963, 0.43470982, 0.49497768, 0.44363838, 0.47712055, 0.47879463, 0.45368305, 0.49162945, 0.49274555, 0.50446427, 0.42745537, 0.45089287, 0.45870537, 0.48493305, 0.42466518, 0.45814732, 0.42689732, 0.43973213, 0.43526787, 0.50390625, 0.4810268, 0.43526787, 0.48995537, 0.50446427, 0.5089286, 0.44419643, 0.48381695, 0.41964287, 0.50558037, 0.41015625, 0.49386162, 0.49330357, 0.42578125, 0.44587055, 0.40904018, 0.46149555, 0.4888393, 0.42466518, 0.46261162, 0.48995537, 0.48493305, 0.44308037, 0.39285713, 0.46372768, 0.44419643]",1.0,0,10.0,100,2,128,256,39,0.001,0.001,7,0,0.5,0.0001,200,1e-06,8.548432,0,7.906893,8.023436,7.8165836,7.0863333,7.908051,8.7986765,8.256635,7.7955017,10.091305,7.5109816,8.3897,10.191984,8.44138,6.806107,8.161635,9.268197,9.356215,7.581628,8.973092,9.321278
